±êÌâ,ÔÄ¶Á,ÆÀÂÛ,×ÖÊý,Ó°ÏìÁ¦,Ê±¼ä
ÖÐ¹úÒøÐÐ(601988)ÈÚ×ÊÈÚÈ¯ÐÅÏ¢(09-01),10101,12,528,0,2017/9/2 7:59
ÖÐÐÐÉÏ°ëÄê¾»Ï¢²îÎÈ²½ÌáÉý Ìá¸ß1BPÀûÏ¢¶à×¬20ÒÚ,27615,9,2206,0,2017/9/2 4:38
ÖÐ¹úÒøÐÐÎ¯ÈÎÐ¤Á¢ºì¼°ÍôÐ¡ÑÇÎª·ÇÖ´ÐÐ¶­ÊÂ,7565,15,232,0,2017/9/1 22:10
Ð¤Á¢ºì¼°ÍôÐ¡ÑÇ»ñÈÎÎªÖÐ¹úÒøÐÐ·ÇÖ´ÐÐ¶­ÊÂ ÈÎÆÚ3,4780,12,282,0,2017/9/1 22:05
ÖÐÐÐÔÚËÄ´óÐÐÖÐÎªºÎ×îÖµµÃÍ¶×Ê£¿ËÄ´óÐÐ2017°ëÄê,16434,22,1679,4,2017/8/31 18:29
ÖÐÐÐÉÏ°ëÄê¾»ÀûÍ¬±ÈÔö3.02% ²¦±¸¸²¸ÇÂÊ±Æ½üºìÏß,15568,9,1661,0,2017/8/30 22:28
ÖÐ¹úÒøÐÐ£ºÉÏ°ëÄê¾»Àû1037ÒÚÔª Í¬±ÈÔö11%,24828,11,363,0,2017/8/30 20:45
ÖÐÐÐ2017ÄêÉÏ°ëÄêË°ºóÀûÈóÔö³¤3.02%,20935,4,1197,0,2017/8/30 19:00
ÖÐ¹úÒøÐÐ(601988)´ó×Ú½»Ò×Êý¾ÝÒ»ÀÀ(08-30),10576,6,469,0,2017/8/30 18:25
ÖÐ¹úÒøÐÐÖÐÆÚ¾»ÀûÔö11.45%ÖÁ1036.9ÒÚÔª,31224,20,261,0,2017/8/30 17:42
ÖÐ¹úÒøÐÐÉÏ°ëÄê¹É¶«Ó¦ÏíË°ºóÀûÈóÔö11.45%ÖÁ1036,24257,21,443,0,2017/8/30 17:21
³ÂËÄÇå¾ÍÈÎÖÐ¹úÒøÐÐ¶­ÊÂ³¤,6631,8,189,0,2017/8/30 16:47
ÄÚ×ÊÅ×ÊÛÖÐ¹úÒøÐÐÂò»ã·á¿Ø¹É,19942,9,356,0,2017/8/29 18:20
ÖÐ¹úÒøÐÐ(601988)ÈÚ×ÊÈÚÈ¯ÐÅÏ¢(08-25),7592,8,548,0,2017/8/26 10:08
ÖÐ¹úÒøÐÐ(601988)ÈÚ×ÊÈÚÈ¯ÐÅÏ¢(08-18),10317,35,534,0,2017/8/19 8:39
ÖÐ¹úÒøÐÐ¶­ÊÂ³¤Ìï¹úÁ¢´ÇÖ° ³ÂËÄÇå½ÓÈÎ,13603,4,1011,0,2017/8/18 11:20
ÖÐ¹úÒøÐÐ(601988)ÈÚ×ÊÈÚÈ¯ÐÅÏ¢(08-17),6154,3,536,0,2017/8/18 7:50
Ìï¹úÁ¢´ÇÈÎÖÐ¹úÒøÐÐ¶­ÊÂ³¤¼°Ö´ÐÐ¶­ÊÂµÈÖ°Îñ,6848,9,200,0,2017/8/17 19:50
Ð¦¹þ¹þÐ¦¹þ¹þ¹þ¡£³¿ÃùÕÇÈý±¶»¹µÍ¹À£¬4ÄêÊÕÒæ·­,10519,23,1803,4.5,2017/8/16 21:49
ÖÚ¶à½ðÈÚ»ú¹¹²ÈÀ×´óÁ¬»ú´² Í·ºÅÕ®Ö÷ÖÐÐÐ20ÒÚÄÑ,49265,10,4227,0,2017/8/16 9:10
ÖÐ¹úÒøÐÐ(601988)ÈÚ×ÊÈÚÈ¯ÐÅÏ¢(08-11),6367,3,540,0,2017/8/12 7:49
Ð¡Ä¦£ºÉýÖÐÐÐÄ¿±ê¼ÛÖÁ5Ôª Î¬³Ö¡°Ôö³Ö¡±ÆÀ¼¶,20229,6,280,0,2017/8/9 16:59
[·è¿ñ³­¶¥ËÄ´óÐÐ£¬ÄãÃÇ»ò½«¼ÌÐøÕ¾¸Ú·ÅÉÚÓÖÊ®Äê,19955,28,200,2.5,2017/8/9 11:08
ÃÀÔª±áÖµÊÇÓÐÆäÍêÕûµÄÕ½ÂÔ¹æ»®µÄ£¬²»ÊÇÒ»Ê±ÐËÆð,11071,29,357,3.5,2017/8/4 5:48
Ò»±Ê9200ÒÚÃÀÔªËðÊ§¡¶ÔðÈÎË­¸¶£¿ÎØºôÖÐ¹úÒøÐÐ¡·,13026,13,203,3.5,2017/8/3 13:20
È¡ÏûÁùÖÖ·Ñ£¬´ÓÃ÷Ìì¿ªÊ¼½ðÈÚ¹É±©µø£¡ÌáÔçÅ×£¡,6430,12,135,3.5,2017/8/1 13:55
ÖÐ¹úÒøÐÐ(601988)ÈÚ×ÊÈÚÈ¯ÐÅÏ¢(07-28),7273,6,540,0,2017/7/29 7:48
´ó¼ÒÌ¸Ì¸¶ÔÖÐÐÐµÄ¿´·¨,48307,82,158,0,2017/7/28 15:51
ÈÈÁÒ  Çì×£ÊýÇ§ÒÚÑøÀÏ½ðÈëÊÐÂò¹ÉÔöÖµ£¬´óÐÍÈ¯ÉÌ,9702,11,229,4,2017/7/28 13:30
ÊÐ³¡ºÜÃ÷ÏÔ£¬ÏÂÖÜÌôÕ½3300µã£¬(×ö¶àÀàÕÇ¼ÛÓÐÉ«,3219,13,97,0.5,2017/7/27 19:38
Å©ÒµÒøÐÐ½«³¬¹ýÖÐ¹úÒøÐÐ¹É¼Û£¬ÖÐ¹úÒøÐÐ¹ÉÆ±½«ÂÙ,11673,14,127,2,2017/7/27 10:33
µÍ¼ÛÀ¶³ïÐÐÇé»á³ÖÐø£¬¸ß¼Û£¬´´Òµ°å»¹ÒªµøÒ»Äê£¬,35648,59,192,4,2017/7/26 22:08
ÓÖÒÔ3.85¼õ²ÖÂô³öÒ»±ÊÖÐ¹úÒøÐÐÎÒ²»ÖªµÀËüµ½µ×»¹,13669,33,205,3.5,2017/7/25 10:28
[Ã«¹À¹À]Å®Ê¿ÃÇÏÈÉúÃÇÅóÓÑÃÇ£¡Õ½Ê¤ÄÚÐÄµÄ¿Ö¾å£¬,7534,14,411,3.5,2017/7/23 18:07
²»µ½¾»×Ê²ú¼á¾ö²»³ö,5744,15,128,3,2017/7/17 18:14
ÖÐ¹úÒøÐÐ(601988)ÈÚ×ÊÈÚÈ¯ÐÅÏ¢(07-12),8307,6,536,0,2017/7/13 7:48
601988:ÖÐ¹úÒøÐÐ2016Äê¶ÈA¹ÉÅÉÏ¢ÊµÊ©¹«¸æ,99221,12,1635,0,2017/7/6 18:38
ÖÐÐÐºÓ±±Î¥·¨·Á°­¼à¶½¼ì²é ´úÀíÈËÊÙÐÂÒµÎñÔÝÍ£,12046,20,869,0,2017/7/3 15:20
½¨ÒéÔ¸Òâ³¤ÆÚÍ¶×ÊµÄÅóÓÑÃÇ¹Ø×¢ÏÂÒøÐÐ¹É,42878,56,234,4,2017/7/1 16:57
ÑûÇëÄã¹ýÀ´Î÷²¿¿óÒµ601168Ò»Æð·¢²Æ£¡¼´½«¹«²¼ÖØ,35226,110,196,3.5,2017/6/27 13:25
ÖÐ¹úÒøÐÐ °®ÄãÒ»ÍòÄê,415412,154,315,0,2017/6/26 8:09
ÖÐ¹úÒøÐÐÓëÌÚÑ¶³ÉÁ¢½ðÈÚ¿Æ¼¼ÁªºÏÊµÑéÊÒ,29459,27,322,0,2017/6/22 15:18
ÏòÄ³Ä³¸Ï½ô×ÔÖ¤Çå°×,8568,70,128,3,2017/6/19 22:25
¼Ç×¡ÖÐÐÐ2007Äê7ÔÂÉÏÊÐÈÕ¡£ ¼Ç×¡ÖÐÐÐ2007Äê11ÔÂ,19680,16,505,0,2017/6/17 6:15
Ê÷×Ü»á¸ß¹ý²ÝµÄ!,315709,1945,126,3.5,2017/5/21 16:41
¹¤ÉËÒøÐÐÉÏ5ÔªÀ²£¬ÖÐÐÐµÄÄÇ¼¸¸öÉµ±Æ²ÙÅÌÖí»¹ÔÚ,20012,30,28,3,2017/5/12 10:31
½¨ÉèÒøÐÐ£¬¹¤ÉÌÒøÐÐÕý´´ÐÂ¸ß£¬ÖÐ¹úÒøÐÐµÄ²ÙÅÌÊÖ,19658,23,157,3,2017/5/12 10:27
ºÙºÙ Ï¹×ÓÒ²¿ñÐ¦ Òµ¼¨·­±¶ ¼¾±¨ÔÙÔö³¤300%·­±¶,21368,39,2386,4.5,2017/5/7 18:50
½¨ÒéÃñÓªÀÏ°åÃÇÂòµãÒøÐÐ¹É,40285,56,233,4,2017/5/2 10:44
ºÝºÝÅúÆÀÖ¤½ð¹«Ë¾¼õ³Ö¹úÓÐÈý´óÐÐA¹ÉµÄÐÐÎª,11694,19,194,3.5,2017/4/28 21:44
ÖÐÐÐÄê±¨²»´í£¬²»Òª¾À½áÓÚ·Öºì¸ßµÍ£¬ÎÒ³ÖÓÐÖÐÐÐ,20470,24,199,3,2017/3/31 20:50
¿©¿©¿©¿©¿©£¡ÇÀÅÌÁË£¬ÇÀÅÌÁË£¬»Æ½ðÔÒÍ·£¡³¿ÃùÍ¶,15709,27,806,4.5,2017/3/30 22:04
ÒÔÇ°Ò»Ö±Ñ¹×Å²»ÔõÃ´ÕÇ£¬Ò»µ©´óÅÌÎ£»ú¾Í³ÉÖÐÁ÷íÆ,6047,16,272,4,2017/3/30 19:55
ÔÙÊÕÖÐÒõÏß£¬¶ÌÏßÔõÃ´¿´£¿       ¼Ì×òÈÕÊ§ÊØÉú,9420,23,740,4,2017/3/30 16:39
Ê¯Ä«Ï©¡¢Á¿×ÓÍ¨ÐÅÁ½´óºÚ¿Æ¼¼ÁìÓòÏÈµÃÊµ»ÝÉÏÊÐ¹«,8612,8,1380,3.5,2017/3/15 17:26
¹ú¼Ê»¯Õ½ÂÔÉîÈëÍÆ½ø£»×Ê²úÖÊÁ¿ºÃÓÚÍ¬Òµ,17559,6,1233,0,2017/3/8 9:23
89.42%ÊÇ»ã½ð¹«Ë¾µÄ£¬»§¾ù30¶àÍò¹É£¬ÄÑµÀ½øµã´ò,17115,15,213,0,2017/3/6 20:39
ÖÐ¹úÒøÐÐÅÉ·¢Ã¿¹É5.5ÔªÓÅÏÈ¹É¹ÉÏ¢,30543,11,227,0,2017/3/3 18:07
601988:ÖÐ¹úÒøÐÐH¹É¹«¸æ(¹É·Ý·¢ÐÐÈËµÄÖ¤È¯±ä¶¯,20377,4,911,0,2017/3/1 18:16
¼Ó²ÖÂò½ø,9269,24,118,4,2017/3/1 10:30
Îª´Ù½øÔÚ¶«ÃËµØÇø·¢Õ¹ ÖÐ¹úÒøÐÐÄâÒé×Ê²úÖØ×é,13140,8,642,0,2017/2/28 18:17
¿´ÆðÀ´ÖÐÒøÕÇ²»¶¯ÁË£¬3.73ÂôÁË¡£´ó¼ÒËµÔõÃ´Ñù£¿,182272,403,158,0,2017/2/23 15:16
´óÄ¦£ºÖÐ¹úÒøÐÐ60ÈÕÄÚ¹É¼Û½«ÉÏÉý ÆÀ¼¶¡°Ôö³Ö¡±,25960,8,286,0,2017/2/15 10:54
³ÃÏÖÔÚ»¹À´µÃ¼°£¬Âñ·üÒøÐÐ¹É ,57425,22,1982,4,2017/2/10 15:20
ÖÐ¹úÒøÐÐÓÐÒ»×Ú´óÊÖ³É½»  Éæ×Ê7£¬510ÍòÔª,12447,5,176,0,2017/2/10 9:58
[¿Þ]ÇÆ×ÅÖÐ¹úÒøÐÐµÄÔÂKÏß£¬Å£Ò¯ÎÒÕæµÄ¿ÞÔÎÔÚ²Þ,595005,94,858,3.5,2017/2/4 17:44
¿ñÈËÈÕ¼Ç£º¡°Ô¤²â»Æ½ð¿Ó¡±,30609,41,1405,3.5,2017/1/22 13:54
[¹ÄÕÆ][°ÝÉñ¶¥¸ñ´òÐÂÂú²ÖÖÐÇ©601229:ÉÏº£ÒøÐÐ],11346,7,463,4,2017/1/22 7:30
¡¶´óÍó¡·ÖÐ¹úÒøÐÐ°æ,24980,29,740,3.5,2017/1/10 10:40
601988:ÖÐ¹úÒøÐÐ¹ØÓÚ×ªÈÃÖÐ¹úÒøÐÐ(Ì©¹ú)¹É·ÝÓÐ,32252,6,591,0,2017/1/6 16:55
Ç°Â·ËäÂþÂþ£¬¾Å×ª»Ø³¦£¬µ«ÇàÉ½ÕÚ²»×¡£¬±Ï¾¹¶«Á÷,816787,3130,660,3,2016/12/30 15:03
601988:ÖÐ¹úÒøÐÐ¶­ÊÂ»á¾öÒé¹«¸æ,26320,5,1058,0,2016/12/21 18:55
Ö¤½ð£¨Õð¾«£©£¬»ã½ð´òÑ¹ÖÐ¹úÒùÐÐ£¬ÊÇ»öº¦ÖÐ¹ú¹É,27104,51,188,2,2016/12/20 11:01
ÒøÐÐÄÇÃ´¶àÀûºÃ£¬¸ÉÂè»¹Òª¼ÌÐøµø[µÎº¹],10072,42,144,3,2016/12/16 21:55
ÖÐÐÐÈ«ÃæÆÌ¿ªÍ¶´ûÁª¶¯ Îª¿Æ¼¼´´ÐÂÌá¹©½ðÈÚÖ§³Ö,9265,6,616,0,2016/12/16 21:16
ÉÏÕÇ¸ù±¾²»´øÁ¿£¬Ö÷Á¦¹ßÓÃµÄÓÕ¶àÊÖ·¨[¿Þ][¿Þ][,3326,17,174,3,2016/12/16 13:43
ÓÅÖÊÒøÐÐ¹É½¨ÐÐ¡¢ÖÐÐÐÕ®×ª¹ÉÏîÄ¿¼ÓËÙÂäµØ Î´À´,7814,15,340,4,2016/12/14 20:40
×òÈÕÎ²ÅÌ¾»Á÷Èë×Ê½ð¸ö¹ÉÉî¶È·ÖÎö£¬¾ö¶¨½ñÌì×ßÊÆ,7132,62,337,0,2016/12/13 13:58
ÒøÐÐ¹ÉÖ±ÏßÀ­Éý ÖÐ¹úÒøÐÐÕÇ½ü4%,20242,10,186,0,2016/12/12 10:33
ÖÐ¹úÒøÐÐ£º{ÖÐ×Ö]Æ·ÅÆ   ¸ß¿´Ò»Ïß (¸½¹É),13552,14,1180,4,2016/12/4 20:39
ÒøÐÐ¹É¼ÛÁ®ÎïÃÀ£¬¾ß±¸³¤ÆÚÍ¶×Ê¼ÛÖµ,11739,1,339,4.5,2016/11/28 20:48
Ë÷ÂÞË¹ÂòµÄETFº¬ÓÐÈçÏÂÈýÖ»¹ÉÆ±,13625,5,171,3,2016/11/27 17:57
¿´ÖÐ¹úÒøÐÐ,23750,23,325,3,2016/11/22 17:58
½»ÐÐ°×²Ë¼Û¡£Á½ÊÐÊÐ¾»ÂÊ×îµÍµÄÕæÕýµÍ¹ÀÖµ¹ÉÆ±£¡,7150,5,154,4,2016/11/21 20:20
ÎÒÂòÖÐ¹úÒøÐÐ¾ÍÃ»Ïë×Å×¬Ç®¡£,11459,19,178,2,2016/11/21 7:33
»Ø´ðÖÐÓÍÐÖ¡¢goodwill826 ¡¢cdh2768 ¹ÉÓÑ,62865,295,222,3,2016/11/18 15:19
µÚÒ»´ÎÂòÖÐ¹úÒøÐÐ¾Í±»Ì×1Äê£¬ÐÄÌ¬²»ºÃÕæ»á·¢·è,15002,21,184,0.5,2016/11/18 14:22
ÖÐÐÐÕ©Æ­´ó°¸£ºÄÚ²¿Ô±¹¤Ç£ÏßÖÂ½è¿îÈËËðÊ§ÓâÇ§Íò,18719,10,4965,0,2016/11/14 13:24
ÖÐ¹úÒøÐÐÄâÓÚ11ÔÂ20ÈÕÅÉ·¢ÖÐÐÐÓÅ1¹ÉÏ¢Ã¿¹É6Ôª,21217,8,304,0,2016/11/12 14:54
601988:ÖÐ¹úÒøÐÐµÚÒ»ÆÚ¾³ÄÚÓÅÏÈ¹É¹ÉÏ¢ÅÉ·¢ÊµÊ©,43943,11,1183,0,2016/11/11 19:59
Ð»°ÙÈýËµ²»ÂòËÄ´óÐÐ¡±µÄ¹ÛµãÊÇ´íÎóµÄ,8688,9,275,3.5,2016/11/11 19:05
ÖÐ¹úÒøÐÐ(601988)´ó×Ú½»Ò×Êý¾ÝÒ»ÀÀ(11-08),9136,4,481,0,2016/11/8 18:09
Õâ¹É3.35~3.38µÍÎüÁË40Íò£¬ÒÔÎªºÍÉî¸ÛÍ¨ÓÐµã¹Ø,6042,5,241,3.5,2016/11/8 10:44
ÖÐ¹úÒøÐÐÑÏÖØµÍÓÚÆäËûÒøÐÐ£¬ÑÏÖØÂäºóÓÚ´óÅÌ£¬ÓÐ,10264,14,133,0,2016/11/4 10:03
ÍØÕ¹Ö÷ÒµÎñ·ç¹â¶ÀºÃ ³å´ÌºÚ¿Æ¼¼½ð¹â²ÓÀÃ£¨×ª£©,19377,36,3628,3.5,2016/11/1 16:19
ÖÐ¹úÒøÐÐÊÇ×îÀ¬»øÒ»Ö»ÒøÐÐ¹É£¬Ã»ÓÐÖ®Ò»£¬È¥ÄêÖÁ,16226,38,250,3.5,2016/11/1 9:37
ÖÐ¹úÒøÐÐÈý¼¾±¨µãÆÀ£º²»Á¼¾»Éú³É´ó·ù¸ÄÉÆ£¬Ôö³¤,21930,7,1134,0,2016/10/27 17:03
ÖÐ¹úÒøÐÐÇ°Èý¼¾¾»ÀûÈóÎ¢Ôö2.48% Ö¤½ð¼°»ªÏÄÈËÊÙ,21221,7,429,0,2016/10/27 12:47
ÖÐ¹úÒøÐÐÈý¼¾¶ÈÔâÖ¤½ð¡¢»ªÏÄÈËÊÙ¼õ³Ö Ö¤½ð³Ö¹É,20951,33,435,0,2016/10/26 21:40
ÖÐ¹úÒøÐÐ½«Á¬Ðø13¸ùÑôÏß£¬Ã¿´ÎÂòÈë¶¼ÊÇÕýÈ·£¬Ã¿,16054,15,151,3.5,2016/10/23 9:36
ÖÐ¹úÒøÐÐ(601988)´ó×Ú½»Ò×Êý¾ÝÒ»ÀÀ(10-21),10604,7,473,0,2016/10/21 18:07
¼òÌ¸ÖÐ¹úÒøÐÐºÍÅ©ÒµÒøÐÐ,22592,15,3117,2.5,2016/10/21 9:26
000553Ö²Îï±£»¤ÁúÍ· ÏÈÕý´ïÖØ×éÔ¤ÆÚ ²Ý¸Êì¢ÕÇ¼Û,4889,8,831,3.5,2016/10/20 21:30
ÖÐ¹úÒøÐÐÓÚ10ÔÂ24ÈÕÅÉ·¢¾³ÍâÓÅÏÈ¹É¹ÉÏ¢Ô¼4.87ÒÚ,10638,6,250,0,2016/10/14 17:25
ÎªÊ²Ã´Ã¿ÌìÂôÒ»´óµ¥Ñ¹ÅÌ£¬ÊÕÅÌÇ°ÇÄÇÄ³·µô£¿,7913,4,158,3.5,2016/10/14 16:01
ÖÐ¹úÒøÐÐÓÐÃ»ÓÐÍ¶×Ê¼ÛÖµ£¿ÎåÄêºóËûµÄ¾»×Ê²ú»áÊÇ,23671,29,384,4,2016/10/13 11:46
ÖÐ¹úÒøÐÐ(601988)ÈÚ×ÊÈÚÈ¯ÐÅÏ¢(10-11),4884,5,534,0,2016/10/12 7:43
¡ýÃ÷ÌìÈ¥ÒøÐÐ°Ñ´æ¿îÈ«²¿È¡³ö·Å¼ÒÀï£¬½ðÊô\ÃÀÔª\,21350,23,160,3,2016/10/3 19:36
¶¼ÒÑ¾­ÊÇËÀÈË£¬ºÜÕý³£¡£,11306,11,122,3.5,2016/10/3 18:28
Ð»°ÙÉ½ÓÖÊÇË­,9412,6,117,3.5,2016/10/3 18:27
ÖÐ¹úÒøÐÐ(601988)ÈÚ×ÊÈÚÈ¯ÐÅÏ¢(09-29),6562,5,538,0,2016/9/30 7:45
601988:ÖÐ¹úÒøÐÐ¶­ÊÂ»á¾öÒé¹«¸æ,20531,3,612,0,2016/9/29 20:39
ÖÐ¹úÒøÐÐÔÚÃ«ÀïÇóË¹¿ªÉèÊ×¼ÒÖÐ×ÊÒøÐÐ,14957,6,584,0,2016/9/29 5:01
Ã÷Ìì¼ÌÐøÂòÈëÒøÐÐ¹É£¡,10719,15,312,4,2016/9/22 20:03
Ä¦Í¨£ºÖÐÐÐÄ¿±ê¼Û¿´ÖÁ4.8Ôª ÆÀ¼¶¡°Ôö³Ö¡±,11461,4,431,0,2016/9/22 11:38
Ã÷ºóÌìÒøÐÐ¹É»¹»áÁìÕÇËùÓÐ°å¿é£¡,10838,24,322,4,2016/9/21 14:05
¿´¿´ÐÂÉÏÊÐµÄ¹óÑô½­ËÕÒøÐÐ£¡ÖÐÐÐ»¹Å¿ÔÚµ×²¿£¿,7401,24,205,4,2016/9/21 10:38
ÖÐ¹úÒøÐÐÅ¦Ô¼·ÖÐÐÈÎÃÀ¹úÈËÃñ±ÒÒµÎñÇåËãÐÐ,7093,9,202,0,2016/9/21 9:28
Ö÷Á¦ÑÛÏ¹ÁË£¬ÖÐÐÐ¸Û¹É´óÕÇ3%,7764,10,138,3.5,2016/9/19 10:36
Ö¤½ð´ó¾Ù¼õ³ÖÒøÐÐ£¬¾­¼ÃÅÝÄ©ÆÆÃðÇ°Ò¹Âð,12937,8,361,3.5,2016/9/16 0:10
È¥Äê7ÔÂ4.11ÂòµÄ£¬ÖÁ½ñÌ×ÀÎ£¬·Öºìºó½µ³É±¾3.94,17908,28,221,3.5,2016/9/6 21:54
ÖÐ¹úÒøÐÐ(601988)´ó×Ú½»Ò×Êý¾ÝÒ»ÀÀ(09-06),9130,5,476,0,2016/9/6 18:03
3.45ÖØ²ÖÉ±Èë µÈ3Ìì,6112,10,125,2.5,2016/9/6 17:15
ÏÂÖÜÓÐÍû³öÏÖÁ¬Ðø´óÑôÏß·´µ¯£¡,8424,4,694,4,2016/9/4 8:29
ÁîÈËõ®õ­¹à¶¥ Ã©Èû¶Ù¿ªµÄ2016°ëÄê±¨Êý¾Ý¡£,10965,14,1038,3.5,2016/9/2 8:46
Ö¤½ð¹«Ë¾ÉÏ°ëÄêÔö³ÖÖÐÐÐA¹É½ü5ÒÚ¹É,9168,6,247,0,2016/8/31 9:44
ÖÐÐÐÉÏ°ëÄêÀûÈóÍ¬Ôö12.97% ²¦±¸¸²¸ÇÂÊÖØ»Ø150%,14644,7,2148,0,2016/8/31 6:33
È¥³ýÂôÄÏÑóÒøÐÐËùµÃ£¬ÖÐ¹úÒøÐÐÖÐ±¨Ã¿¹É0.20Ôª¡£,8514,20,177,3.5,2016/8/30 21:27
ÖÐ¹úÒøÐÐÖÐÆÚ¾»ÀûÈó930.37ÒÚÔªÍ¬±ÈÔö³¤2.52%,13335,8,583,0,2016/8/30 18:38
ÖÐ¹úÒøÐÐ(601988)ÈÚ×ÊÈÚÈ¯ÐÅÏ¢(08-25),5323,6,536,0,2016/8/26 7:45
ÖÐ¹úÒøÐÐ(601988)ÈÚ×ÊÈÚÈ¯ÐÅÏ¢(08-22),3751,3,540,0,2016/8/23 7:38
¹ØÓÚ²»¹¤×÷È¥È«Ö°Í¶×ÊµÄÌõ¼þ£º¾­ÑéÖ®Ì¸,11407,24,569,3,2016/8/18 20:52
Çó½â´ð£¬½ñÌìÂòÈë3Íò¹É£¬Ê®ÄêºóÎÒµÄ×Ê²úÊÇ¶àÉÙ,12791,23,220,2.5,2016/8/18 17:29
´ó¶«ÄÏ£ºÊ¯Ä«£¬ï®µç£¬ÊÖÓÎ£¬Ö»Âô3.89Ôª,22415,133,91,4,2016/8/15 12:32
´óÖÇ»Û¸æËßÎÒÃÇ£º¾Å³ÉÒÔÉÏ¹ÉÃñÃ»ÓÐ´óÖÇ»Û¡£,8621,17,451,3.5,2016/8/14 10:48
±±²¿Íå×ÔÃ³ÇøÁúÍ·£ºÁø¸Ö¹É·Ý,6008,26,136,4,2016/8/12 7:14
ÖÐÐÐ´ÓÀ´Ã»ÓÐÕÇÍ£¹ý£¬Ã÷ÌìÄÜÀ´Ò»¸öÂð[´óÐ¦],9354,17,148,3,2016/8/11 22:23
¹ØÓÚÖÐ¹úÒøÐÐ£¬ÆäÊµ¶àÊýÈËÒÑ¾­±»À¬»ø¹É³´¼ÒºÍ¹É,17231,24,552,3.5,2016/8/11 11:55
Áø¸Ö¹É·Ý£º´Ó4.4Ôªµøµ½3.62Ôª£¬µø·ù³¬20%[³­µ×],11542,37,103,4,2016/8/6 10:27
ÖÐ¹úÒøÐÐ(601988)ÈÚ×ÊÈÚÈ¯ÐÅÏ¢(08-03),4716,4,532,0,2016/8/4 7:43
ÖÐ¹úÒøÐÐ£¬¾»×Ê²ú+¹«»ý½ð+Î´·ÖÅäÀûÈó=6.5Ôª£¬Æä,7499,9,199,3,2016/7/31 17:57
ÓÐÖ±Ïú¾­ÓªµÄºÃµ±¼Ò£¬Ö»Âô4.07ÔªµÄ¼Û[×¬´óÁË],30436,92,153,4,2016/7/29 21:53
ÖÐ¹úÒøÐÐ(601988)ÈÚ×ÊÈÚÈ¯ÐÅÏ¢(07-28),5539,5,536,0,2016/7/29 7:47
ÖÐ¹úÒøÐÐ(601988)ÈÚ×ÊÈÚÈ¯ÐÅÏ¢(07-27),5119,7,534,0,2016/7/28 7:51
Õ³½º¶ÌÏË¼Û¸ñ±©ÕÇÁË£¬¹Ø×¢£ºÐÂÏç»¯ÏË,6185,14,144,4,2016/7/24 7:23
ÎÒ²Ù×÷ÖÐÐÐ8Äê£¬¿÷¶àÓ¯ÉÙ£¬·îÈ°¹ã´ó¹ÉÃñÅóÓÑÇ§,4427,5,190,1,2016/7/20 21:40
ÖÐ¹úÒøÐÐ(601988)´ó×Ú½»Ò×Êý¾ÝÒ»ÀÀ(07-19),12125,5,483,0,2016/7/19 17:58
601988:ÖÐ¹úÒøÐÐ¶­ÊÂ»á¾öÒé¹«¸æ,28722,2,810,0,2016/7/18 17:08
×öÖÐÐÐ¿Í»§¡¢µ±ÖÐÐÐ¹É¶«¡¢Ï×ÖÐÐÐÁ¼²ß£¬µÃ³¤ÆÚ»Ø,68806,99,136,3.5,2016/7/17 17:41
ÖÐ¹úÒøÐÐ(601988)ÈÚ×ÊÈÚÈ¯ÐÅÏ¢(07-15),2431,5,25,0,2016/7/16 7:49
ÖÐ¹úÒøÐÐ(601988)ÈÚ×ÊÈÚÈ¯ÐÅÏ¢(07-12),4599,5,542,0,2016/7/13 7:42
601988:ÖÐ¹úÒøÐÐH¹É¹«¸æ(ÖÐÆÚÆ±¾Ý¼Æ»®(¡¸¼Æ»®¡¹,17692,4,904,0,2016/7/12 17:09
ÖÐ¹úÒøÐÐÓë¹²ºÍ¹úÒ»Æð³É³¤£¡Ò»ÆðÇ¿Ê¢£¡,18069,17,87,2.5,2016/7/10 16:42
ÀÏ¹ÉÃñà©ÑªÖÒ¸æ±¾°ÉÐ¡É¢£º¾ø²»ÂòÍò¿Æ£¡¾ø²»£¡,8896,11,508,3.5,2016/7/6 8:05
ÖÐ¹úÒøÐÐÄâÍÆ¶¯ÖÐÒøÏã¸Û×ªÐÍ¹ú¼ÊÐÔÒøÐÐ,15005,9,354,0,2016/7/5 21:10
ÄÇ¸ö½Ð¡°nwb2011¡±´µÅ£±ÆÄÇÃ´ÓÐÒâË¼Âð£¿,8601,19,232,3.5,2016/7/5 13:47
ÄÇ¸öÌìÌìÄÃ¾»×Ê²úºÍ·ÖºìËµÊÂµÄ°Ë½ä£¬ÎÒ¾ÍÎÊÄã,9415,23,271,2,2016/7/3 10:45
[Í¶×ÊÕß´«ÎÅÇóÖ¤]ÂÙÎªµÚÒ»µÍ¼ÛÒøÐÐ¹É£¬ÊÇ¹âÈÙ»¹,23945,21,27,3.5,2016/7/1 14:43
601988:ÖÐ¹úÒøÐÐ¹ØÓÚÄâÒé×Ê²úÖØ×éµÄ½øÕ¹¹«¸æ,54289,13,1046,0,2016/6/30 16:28
Í³Ò»»Ø¸´ºÜ¶àÎÊ·Öºì¿ÛË°µÄÕþ²ß,34921,53,496,3,2016/6/29 19:27
½ñÌì£¬Ã÷Ìì²»Âôµô¾ÍÊÇÉµ±Æ£¬°×½»Ë°,9083,14,139,3,2016/6/22 14:46
601988:ÖÐ¹úÒøÐÐ2015Äê¶ÈA¹ÉÅÉÏ¢ÊµÊ©¹«¸æ,154255,25,1909,0,2016/6/16 16:47
¹§Ï²A¹ÉÄÉÈëMSCI³É¹¦£¬Ìì²Å¸çÏÖÔÚ¾Í¸æËßÄãÃÇÁË,9492,15,186,4.5,2016/6/14 18:46
ºÃµ±¼Ò£º×ªÐÍ´ó½¡¿µ£¬´óÏû·Ñ£¬´óÃÀÀö²úÒµ£¬´òÔì,45569,165,144,4,2016/6/8 19:49
601988:ÖÐ¹úÒøÐÐ2015ÄêÄê¶È¹É¶«´ó»á¾öÒé¹«¸æ,44706,14,1364,0,2016/6/7 19:45
ÖÐ¹úÒøÐÐ(601988)ÈÚ×ÊÈÚÈ¯ÐÅÏ¢(06-02),8404,14,520,0,2016/6/3 7:45
G20·å»á£¬ÑÇÔË»á£¬Ò»´øÒ»Â·ÁúÍ·Ò»Ò»ÌÚ´ï½¨Éè,1808,5,22,4,2016/5/29 18:34
601988:ÖÐ¹úÒøÐÐ¹ØÓÚÖÐ¹úÒøÐÐ(Ïã¸Û)ÓÐÏÞ¹«Ë¾³ö,43279,6,928,0,2016/5/27 18:45
ÎªÊ²Ã´ÖÐÐÐ¸úÆäËûÈý´óÐÐÏà×ó£¿,5592,10,177,4,2016/5/26 15:41
ÖÐ¹úÒøÐÐ(601988)ÈÚ×ÊÈÚÈ¯ÐÅÏ¢(05-25),4909,15,510,0,2016/5/26 7:48
Á¬ÐøµØÁ¿µÄË¢ÐÂºóÐø×ßÊÆÆÀ¹À£¡,10976,3,631,4,2016/5/25 16:35
Ã÷ºóÌì»á²»»á³ö°Ùµã³¤ÑôÍ»ÆÆ!,8783,12,183,4,2016/5/25 11:05
5ÔÂ20ÈÕ¹ÉÊÐÔçÅÌÄÚ²Î£ºÈý´ó°å¿éÓ­À´ÀûºÃ,128977,654,3647,0,2016/5/20 4:32
ÖØÆô²»Á¼×Ê²úÖ¤È¯»¯ ÖÐÐÐ´òÏìµÚÒ»Ç¹,13818,12,2212,0,2016/5/19 20:17
601988:ÖÐ¹úÒøÐÐ¹ØÓÚÖÐÒøº½¿Õ×âÁÞÓÐÏÞ¹«Ë¾¿¯·¢,20021,7,1298,0,2016/5/19 7:47
601988:ÖÐ¹úÒøÐÐ¹ØÓÚÖÐÒøº½¿Õ×âÁÞÓÐÏÞ¹«Ë¾ÄâÒé,26344,19,1958,0,2016/5/12 16:17
¹ú¼Ò¶Ó-ÔÒÅÌ£¡ ¹ú¼Ò¶Ó-ÔÒÅÌ£¡  ¹ú¼Ò¶Ó-ÔÒÅÌ£¡ ,106647,142,207,2.5,2016/5/11 14:25
ÖÐ¹úÒøÐÐ»ý¼«³ï±¸²ÎÓë²»Á¼×Ê²úÖ¤È¯»¯ÊÔµã,8563,15,725,0,2016/5/10 4:33
ÖÐ¹úÒøÐÐ£ºÕý»ý¼«³ï±¸²ÎÓë²»Á¼×Ê²úÖ¤È¯»¯ÊÔµãÏà,13452,70,25,0,2016/5/9 19:42
601988:ÖÐ¹úÒøÐÐ¹«¸æ,39193,20,688,0,2016/5/9 19:02
´ÓÖÐ¹úÒøÐÐÏà¶ÔÉÏÖ¤Ö¸Êý±ÈÖµ¿´¾ÈÊÀ³ÉÐ§£ºÍ³¼ÆÁ½,7999,11,442,4,2016/5/1 22:51
A¹É³ïÂë¼¯ÖÐ£¬»ðÉ½¾ÍÒª±¬»ð.,11920,21,172,4,2016/5/1 19:22
¹ú¼Ò¶ÓÒ»¼¾¶È³Ö²ÖÆ½ÎÈ ×î°®µÄ50¹ÉÆØ¹â(¸½±í),107995,35,2591,0,2016/5/1 12:38
Õæ¸ãÐ¦ÁË£¬¶ÑÕâÃ´¶àµ¥ÔÚÉÏÃæ£¬×ö³öÓÐÈËÂòÂôµÄ¼Ù,4874,11,172,2.5,2016/4/29 14:05
¹ú¼Ò¶Ó³ÉÎª40¼Ò¹«Ë¾µÚÒ»´óÁ÷Í¨¹É¶«(Ãûµ¥),180053,633,21,0,2016/4/29 4:50
¹ú¼Ò¶Ó³É40¼Ò¹«Ë¾µÚÒ»´óÁ÷Í¨¹É¶«,38072,44,1421,0,2016/4/28 22:19
Ä¦¸ù´óÍ¨Ê×·¢¿ç¾³ÊÐ³¡×¼Èë°×Æ¤Êé Íâ×ÊÈçºÎÇÃÏì,7739,15,1907,0,2016/4/27 20:16
14¼ÒÉÏÊÐÒøÐÐ²»Á¼¾ù¡°Ë«Éý¡± ÒøÐÐ¶àÇþµÀ¡°¾Ñ»÷,18470,50,1864,0,2016/4/27 0:31
ÖÐÐÐ¹«²¼¼¾±¨£¬¾ÓÈ»Ã½Ìå¶¼²»¸Ò±¨µÀ¡£ÓÐÈËº¦ÅÂÊ²,7173,13,229,3.5,2016/4/26 21:34
ÖÐ¹úÒøÐÐÒ»¼¾¾»Ï¢ÊÕÈëÏÖÏÂ½µ ²¦±¸¸²¸ÇÂÊµøÆÆ150,9040,6,738,0,2016/4/26 20:11
ÃÀ¹úÒøÐÐµÚÒ»¼¾ÀûÈóÏÂ»¬µ½21ÃÀ·Ö¹É¼Û14.96ÃÀÔª,7361,16,255,3.5,2016/4/26 20:03
½ñÌì³öJB,5951,14,126,3.5,2016/4/26 16:42
È«ÇòÑ¸ÃÍ²¼¾ÖºÚ¿Æ¼¼²úÒµÁ´½ö´ËÒ»¼Ò Î´À´ºÚ¿Æ¼¼,64148,108,2545,3.5,2016/4/26 12:23
ÑëÐÐ½ñÈÕ½«½øÐÐ1400ÒÚÔª7ÌìÆÚÄæ»Ø¹º²Ù×÷,13008,63,3398,0,2016/4/26 9:28
¿É¿¿ÏûÏ¢£ºÑëÐÐÑ¹½µÐÂÔöÐÅ´û¹æÄ£ÏûÏ¢²»×¼È·,20484,228,1122,0,2016/4/25 19:18
601988:ÖÐ¹úÒøÐÐ¹ØÓÚÖÐÒøº½¿Õ×âÁÞË½ÈËÓÐÏÞ¹«Ë¾,32957,13,1075,0,2016/4/25 7:47
ÉÏÊÐÒøÐÐÀûÈó¼û¶¥ ×Ê²ú·çÏÕ´ý»¯½â,10438,10,1175,0,2016/4/23 15:17
601988:ÖÐ¹úÒøÐÐ2015ÄêÄê¶È¹É¶«´ó»á»áÒé×ÊÁÏ,23984,8,1811,0,2016/4/22 20:25
4ÔÂ22ÈÕ¹ÉÊÐÔçÅÌÄÚ²Î£ºËÄ´ó°å¿éÓ­À´ÀûºÃ,78202,496,3686,0,2016/4/22 1:47
601988:ÖÐ¹úÒøÐÐ¹ØÓÚÊ×Ï¯·çÏÕ¹ÙÈÎÖ°µÄ¹«¸æ,17449,7,567,0,2016/4/21 19:01
´ÓÖÐ¹úÒøÐÐµÄ×ßÊÆ¿´¡£,4214,11,132,2.5,2016/4/20 13:05
È¯ÉÌÈ¥ÄêËÄ¼¾¶È¸ß±ÈÀý¼õ³Ö41¹É,7813,5,1954,0,2016/4/20 10:32
Ê×µ¥²»Á¼ABSÓÐÍû5ÔÂÂäµØ ÖÐÐÐÓëÕÐÐÐ»òÇÀÍ·³ï,24450,60,2201,0,2016/4/20 5:43
ÊÇÉÏÊÇÏÂÉÏÖ¤10ÈÕ¾ù²Î¿¼.,8140,22,516,4,2016/4/20 0:20
ËÄ´óÐÐÓâ30ÍòÉ¢»§¹É¶«³ö×ß »¦¹ÉÍ¨ÕË»§ÍË³öÇ°Ê®,27825,16,2144,0,2016/4/19 2:50
Òø¼à»á¸ü¶à·£µ¥4ÔÂ¼¯ÖÐÆ®À´ Äã¼ÒÒøÐÐÉÏ°ñÁËÂð£¿,21922,10,2561,0,2016/4/17 22:57
·À¿Õ¾¯±¨À­Ïì£¬¿´Í¼Ëµ»°¡£,12587,20,576,4,2016/4/17 1:55
116¹ÉÈ¥ÄêËÄ¼¾¶ÈÔâÈ¯ÉÌÅ×Æú,28537,21,1977,0,2016/4/16 10:54
Ö¤¼à»á¹«¸æ£ºÖÐ¹úÒøÐÐ601988ÍËÊÐÍ¨Öª,8385,20,173,3,2016/4/13 13:48
È¯ÉÌÈ¥ÄêËÄ¼¾¶È³·³ö104¹É,20618,10,1950,0,2016/4/13 10:34
È¯ÉÌÈ¥ÄêËÄ¼¾¶È¸ß±ÈÀý¼õ³Ö31¹É,18763,10,1991,0,2016/4/12 10:41
È¯ÉÌÄê±¨³Ö²ÖÆØ¹â£º¼õ³Ö62¹É ³öÌÓ91¹É,28811,8,1993,0,2016/4/8 10:36
È¯ÉÌÈ¥ÄêËÄ¼¾¶È¸ß±ÈÀý¼õ³Ö25¹É,17352,14,1989,0,2016/4/7 10:24
È¯ÉÌÈ¥ÄêËÄ¼¾¶È¸ß±ÈÀý¼õ³Ö23¹É,30080,18,1989,0,2016/4/6 10:40
Ò»ÍòÒÚÕ®×ª¹ÉÁ¦Í¦A¹É£ºÇ§µã´ó·´×ªËæÊ±¿ªÕ¹£¿,1184444,665,3180,0,2016/4/4 22:01
ÖÐÐÐ²Òµø£¬Å©ÐÐ¸æ¼±£¬½¨ÐÐÎ£ÏÕ£¡ÖÐ¹úÒøÐÐÒµ¹«²¼,159939,1052,2229,0,2016/4/3 15:05
ÖÐ¹úÒøÐÐÈ¥ÄêÀûÈóÎ¢Ôö Äâ10ÅÉ1.75Ôª,45799,21,746,0,2016/3/30 20:55
Àû¿Õ£¡±£¼à»á½ÐÍ£1ÄêÆÚÀí²ÆÐÍ±£ÏÕ²úÆ· 1-3Äê²ú,9058,16,415,4.5,2016/3/21 9:56
°ÙÄêÖÐÐÐ£¬ÖµµÃ³¤ÆÚ·´¸´ÓµÓÐ,43350,103,132,2.5,2016/3/7 10:15
¡°¾³ÍâÊÆÁ¦¡±Èý´Î¿´¿ÕÖÐ¹úÒøÐÐÒµ ÄÂµÏÏÂµ÷11¼Ò,74802,84,2845,0,2016/3/3 22:51
601988:ÖÐ¹úÒøÐÐH¹É¹«¸æ(Ïã¸ÛÁªºÏ½»Ò×ËùÓÐÏÞ¹«,35762,3,1045,0,2016/3/1 18:55
ÒÔ¿ªÅÌ¼Û3.1ÂòÈëÖÐ¹úÒøÐÐ£¬ÊÀ½ç¾­¼ÃÏûÌõ²»ÖªÕâ,11443,11,182,3.5,2016/2/15 13:47
ÅóÓÑÃÇÐÂÄêºÃ£¡¾öÕ½ÂíÉÏÒª¿ªÊ¼ÁË£¬×£¸£½ñÄêºÃÔË,30660,48,168,3.5,2016/2/13 10:17
×ö¶àÖÐÐÐµÄ£¬ÐÂÄê¿ìÀÖ£¡,12093,11,133,3.5,2016/2/8 17:33
½øÁË8Íò¹ÉÖÐ¹úÒøÐÐ ³É±¾3.77 ¼áÐÅÌ×µÄ×¡ ²ÅÄÃµÃ,24734,38,460,3,2016/2/5 21:34
Ö¤¼à»áºÍ¹«°²»ú¹Ø×¥³öÃ¿Ìì¶Ôµ¹²Ù×ÝËÄ´óÐÐ¹É¼ÛµÄ,11594,14,205,3.5,2016/2/5 11:24
2015ÖÐÑëÑ²ÊÓ×éµÚÈýÂÖ×¨ÏîÑ²ÊÓ31¼Òµ¥Î»·´À¡Çé¿ö,813363,243,8274,5,2016/2/4 18:49
½âÃÜ×Ê½ð³öÌÓ¹É Á¬Ðø5ÈÕ¾»Á÷³ö60¹É,36086,8,1873,0,2016/2/3 22:21
601988:ÖÐ¹úÒøÐÐ¹ØÓÚÖ´ÐÐ¶­ÊÂÈÎÖ°µÄ¹«¸æ,25069,14,1164,0,2016/2/3 20:06
ÈËÃñÈÕ±¨£º²¿·Ö¹ØÓÚÖÐ¹ú¾­¼ÃµÄ³ö¸ñÔ¤²âÔ´×ÔÑ¡Ôñ,258856,364,1576,0,2016/2/3 7:10
ÐÂ»ªÉç½â¶Á·¿´ûÐÂÕþ£º¼ÈÀûÓÚ»ÝÃñÉúÒ²ÀûÓÚÎÈÔö³¤,74431,83,1261,0,2016/2/2 22:01
½âÃÜ×Ê½ð³öÌÓ¹É Á¬Ðø5ÈÕ¾»Á÷³ö56¹É,47212,10,1778,0,2016/2/2 17:11
ÂòÈë¡°ºÚÎåÀà¡±£»Ô¶ÀëÀ¶³ïÀ¬»ø¹ÉÊÇÄã2016Äê½âÌ×,23318,24,191,3,2016/2/1 17:24
601988:ÖÐ¹úÒøÐÐH¹É¹«¸æ£¨¹É·Ý·¢ÐÐÈËµÄÖ¤È¯±ä¶¯,39395,6,917,0,2016/2/1 17:03
»¦Éî¹ÉÊÐÚ³,8865,19,1578,3.5,2016/1/29 13:54
ÁªºÏ¡°Ò»´øÒ»Â·¡±20¼Òº£Íâ·ÖÖ§»ú¹¹ ÖÐÐÐ¹ã¶«Ê¡,18726,10,1568,0,2016/1/29 2:16
ÖÐ¹úÒøÐÐ(601988)ÈÚ×ÊÈÚÈ¯ÐÅÏ¢(01-27),7318,10,526,0,2016/1/28 7:40
ÒøÐÐÒµ×Ê²úÖÊÁ¿Ñ¹Á¦É½´óÀûÈóÔöËÙ½øÈë¡°¸öÎ»Êý¡±,16116,10,1542,0,2016/1/27 12:44
¡°ºÚÉ«ÐÇÆÚ¶þ¡±»ú¹¹²»±¯¹Û ¹ÀÖµÀúÊ·µÍÎ»¼ºÏÖÉÏ,76786,130,1827,0,2016/1/27 1:31
2¿é¶àÖÐÐÐ¼û¶àÁË£¬Ò²Ã»Òª´õØ°Òª»îµÄ£¬Ö»Òª²»ÊÇ,11680,14,195,3.5,2016/1/26 17:03
ÖÐ¹úÒøÐÐ½ñÌìÃ»ÓÐ´óÕÇ3%ÒÔÉÏ£¬ÎÒ×ÔÇÐ Ð¡ NAI Í·,12730,20,141,3,2016/1/21 10:02
½âÃÜ×Ê½ð³öÌÓ¹É Á¬Ðø5ÈÕ¾»Á÷³ö94¹É,14148,11,2786,0,2016/1/21 7:57
¶Ô601988µÄ¶àÎ¬¶È²ÙÅÌ£¬Çë´ó¼Ò³ÖÐø²¹³ä£¬,17034,13,636,3.5,2016/1/20 12:04
½âÃÜ×Ê½ð³öÌÓ¹É Á¬Ðø5ÈÕ¾»Á÷³ö90¹É,29414,5,2629,0,2016/1/19 21:03
601988:ÖÐ¹úÒøÐÐ¶­ÊÂ»á¾öÒé¹«¸æ,69737,18,775,0,2016/1/19 17:09
ÕâÀà¹ÉÆ±ÊÊºÏ³­µ×,4881,10,459,3.5,2016/1/18 15:57
Àë°¶ÈËÃñ±Ò´óÕÇÓâÈý°Ùµã,175407,94,2114,0,2016/1/18 9:18
ÑëÂè·ÅÕÐ´ò¿ÕÍ·£º¾³ÍâÍ¬Òµ´æ¿î¿ªÕ÷×¼±¸½ð Ëø¶¨2,30006,25,1970,0,2016/1/17 20:37
ÑëÂèÔÙ¶È³öÊÖ ´ò»÷Àë°¶¿ÕÍ·,1412158,1443,1371,0,2016/1/17 17:02
ÒÑµøÆÆ2850µãË®Æ½µÄµÍ¹ÀÖµºÍ³¬µø¹ÉÓÐÄÄÐ©,119052,30,415,0,2016/1/17 15:29
ÖÐ¹úÒøÐÐ(601988)ÈÚ×ÊÈÚÈ¯ÐÅÏ¢(01-15),11158,4,510,0,2016/1/16 7:39
ÐÅËüÃÇµÄ»°Äã×¼¿÷ËÀ Ò»»á¾ÈÊÐÒ»»á²»¾ÈÊÐ Ò»»áÀ¶,11237,11,244,3,2016/1/16 0:47
ÈËÃñ±Ò¾ª»ê48Ð¡Ê±£º¶à¿Õ÷éÕ½Ïã¸Û ¹ú¼Ò¶Ó½ø³¡¸É,247751,241,3114,0,2016/1/16 0:15
601988:ÖÐ¹úÒøÐÐ¹ØÓÚ¸±ÐÐ³¤´ÇÈÎµÄ¹«¸æ,50945,11,482,0,2016/1/14 18:24
±ðÂòÈë£¡ÄÍÐÄµÈ´ýÈÚ×ÊÅÌ±»Ç¿Æ½±¬²ÖÊ±³­µ×²»³Ù98,20213,28,159,4,2016/1/14 14:15
Íí¼äÓ°ÏìÊÐ³¡µÄÖØÒªÕþ²ßÏûÏ¢ËÙµÝ(1/12),207415,223,3557,0,2016/1/12 19:48
ÒøÐÐÒµ¿ªÆô¡°²ÃÔ±Ä£Ê½¡± ½ñÄê»òÖÁÉÙ12ÍòÈË¼´½«,46919,13,6708,0,2016/1/12 16:11
Å×£¡¹©¸ø²à¸Ä¸ïÏû²úÄÜÈ¥¿â´æÊÆ±ØÔöÒøÐÐ´ô»µÕÊ88,35219,58,163,4,2016/1/12 10:08
ÈËÃñ±Ò±áÖµ£¬¸øÖÐ¹úÒøÐÐ´øÀ´200ÒÚÊÕÒæ£¡,18133,14,146,3.5,2016/1/9 15:33
ÖÐ¹úÒøÐÐ¿¨Ïû·ÑÐÅÐÄÖ¸Êý»·±ÈÐ¡·ùÉÏÉý,20744,6,724,0,2016/1/9 15:19
ÖÐ¹úÒøÐÐ--¸öÈËÇ³Ì¸½ñÌìµÄ¼ûÎö£¡,6753,15,285,2,2016/1/8 13:28
×¢²áÖÆ²»ÊÊºÏÖÐ¹ú¹úÇé£¬½«´øÁì×Ê±¾ÊÐ³¡½øÈëÎÞµ×,10941,11,205,4,2016/1/7 20:54
¾ÈÖÐ¹ú¹ÉÊÐÖ»ÒªÈýÕÐ,8832,13,301,3,2016/1/7 19:11
2016ÖÐÐÐÊ©¹¤Í¼.,33470,36,176,4,2016/1/6 1:57
2016ÉÏÖ¤Ê©¹¤Í¼¡£,40701,40,243,4,2016/1/6 1:31
¿Ï¶¨ÓÖ±ÀÅÌÀ² ±ÀÅÌÁË µøÍ£ÎÞÒÉÁË!!!!!!!!!!!!!!,29558,137,236,4.5,2016/1/5 9:06
Èý¼¾¶ÈÖ¤½ðÂò85ÒÚ¹É£¬»ã½ðÂò18ÒÚ¹É£¬¶ø¶þ¼¾Ä©A,9049,11,348,1.5,2016/1/4 19:00
ÈÛ¶Ï¾ÍÊÇÓÃ¶ÂÆ¨ÑÛµÄ·½Ê½ÖÎ¸¹Ðº,14252,24,147,3.5,2016/1/4 18:59
601988:ÖÐ¹úÒøÐÐH¹É¹«¸æ(¹É·Ý·¢ÐÐÈËµÄÖ¤È¯±ä¶¯,37841,6,918,0,2016/1/4 17:15
È«Çò»Æ½ð¶¨¼ÛÈ¨´óÏ´ÅÆ ÖÐ¹ú»òÓëÃÀÓ¢Èý×ã¶¦Á¢,46668,11,6483,0,2016/1/2 11:01
ÃÀ¹úÆ»¹û¹«Ë¾ÊÐÖµ7000ÒÚÃÀÔª»ù±¾¿ÉÒÔÊÕ¹ºÖÐ¹ú70,14824,14,112,3.5,2016/1/1 11:27
ÖÐ¹úÒøÐÐ£º»ã½ð×ªÈÃ¹«Ë¾18ÒÚ¹É¸øÆä×Ó¹«Ë¾,19076,13,266,0,2015/12/31 8:33
»ã½ðÔö³ÖÅ©ÒµÒøÐÐA¹ÉÔ¼4%£¡,6955,10,195,4,2015/12/30 19:24
ÖÐ¹úÒøÐÐ(601988)´ó×Ú½»Ò×Êý¾ÝÒ»ÀÀ(12-30),12820,7,499,0,2015/12/30 17:56
ÖÐ¹úÒøÐÐ£º»ã½ð¹«Ë¾ÏòÆä×Ó¹«Ë¾×ªÈÃ¹«Ë¾²¿·Ö¹ÉÈ¨,28149,13,319,0,2015/12/30 16:28
601988:ÖÐ¹úÒøÐÐ¹ØÓÚ¿Ø¹É¹É¶«Ëù³Ö±¾ÐÐA¹É¹É·Ý±ä,44115,13,501,0,2015/12/30 16:23
ÖÐ¹úÒøÐÐ³öÊÛ»ªÄÜ20%¹É·Ý »ñ23.62ÒÚÔª¾»ÊÕÒæ,24141,4,374,0,2015/12/30 14:54
601988:ÖÐ¹úÒøÐÐ¹ØÓÚÖÐÈº·¢Õ¹ÓÐÏÞ¹«Ë¾ºÍÖÐ²ý¹ú,42217,14,1481,0,2015/12/29 20:26
ÖÐ¹úÒøÐÐ(601988)´ó×Ú½»Ò×Êý¾ÝÒ»ÀÀ(12-29),16424,13,499,0,2015/12/29 18:46
½ñÌìÓÐÏÂ³µµÄÐÖµÜÃ´£¿,9090,13,130,3,2015/12/29 14:12
¶þÊ®Äêºó£¬ÖÐ¹úÒøÐÐ¹ÉÆ±ÊÇ¸öÉ¶Ñù£¿,23601,30,157,2.5,2015/12/25 20:56
ÖÐ¹úÒøÐÐÓëÐÅ´ï¾Í³öÊÛÄÏÑóÉÌÒµÒøÐÐ100%¹ÉÈ¨´ï³É,71209,19,699,0,2015/12/25 13:05
ÖÐ¹úÒøÐÐ½ñÌì±ØÕÇÍ££¡,7485,17,127,2,2015/12/25 8:20
ÖÐ¹úÒøÐÐ(601988)´ó×Ú½»Ò×Êý¾ÝÒ»ÀÀ(12-23),30070,17,496,0,2015/12/23 18:13
½ñÌìÓÐÍû³å¸ß»ØÂäµÄ¿ÉÄÜ£¡,10285,7,320,4,2015/12/23 9:43
ÖÐÐÐ12ÔÂ23ºÅ±ØÕÇÍ££¡,24246,57,134,3,2015/12/22 14:33
ÓÐÈËÄÜÊÕ¹ºÍò¿Æ£¬¾ÍÓÐÈË¸ÒÊÕ¹ºÖÐ¹úÒøÐÐ!µ«ÐèÒª,3616,11,202,3,2015/12/22 11:29
ÐÂ»ª£ºÒøÐÐÒµ½ðÈÚ»ú¹¹±ØÐëÓë×î¸ß·¨ÔºÁªÍø,18854,14,859,0,2015/12/21 23:03
³öÊÛÄÏÑóÉÌÒµÒøÐÐÐÂ½øÕ¹µãÆÀ£º³öÊÛÄÏÑóÉÌÒµÒøÐÐ,42496,16,859,0,2015/12/21 17:23
ÈÕ³É½»Á¿±Æ½üÍòÒÚ£¬ÖÐ¹úÒøÐÐÃ÷ºóÌì±ØÓÐÕÇÍ££¡[,13290,19,164,4,2015/12/21 15:04
ÖÐÐÐÊÇ³¬¼¶Ï´ÒÂ»ú£¡,12202,28,179,3.5,2015/12/21 14:34
ÖÐ¹úÒøÐÐÄâ680ÒÚ¸ÛÔªÊÛÄÏÑóÉÌÒµÒøÐÐ,44467,13,776,0,2015/12/21 8:40
Âô×Ê²úÊÇ´óÀû¿Õ£¬¶¼¶®µÄ£¡£¡£¡,11990,16,138,3.5,2015/12/20 9:47
Âô¹âÁË£¬ÖÐÐÐ¶à×¬392ÒÚÒ²Ã»ÓÃ£¬ÖÜÒ»»¹ÊÇµÍ¿ªÈÃ,13737,18,166,4,2015/12/19 19:53
ÐÇÆÚÒ»ÖÐ¹úÒøÐÐ²»ÕÇÍ££¬ÎÒ³Ô680ÒÚ¶Ö±ã±ã£¡,26593,54,152,3,2015/12/19 11:50
ÕæÐÄÏ£ÍûÓÐÒ°ÂùÈË¾ÙÅÆÖÐ¹úÒøÐÐ[´óÐ¦],8173,15,142,2,2015/12/19 11:31
¹ú¼Ê¾Þöù¸Ò²»¸Ò¾ÙÅÆÖÐ¹úÒøÐÐ£¿,7668,8,138,3,2015/12/19 11:21
601988:ÖÐ¹úÒøÐÐ¹ØÓÚÖÐ¹úÒøÐÐ(Ïã¸Û)ÓÐÏÞ¹«Ë¾³ö,75293,40,1315,0,2015/12/18 20:55
2015ÄêÑëÐÐÉî»¯½ð¸ÄÓÂ´³Èý¹Ø »õ±ÒÕþ²ß½øÈëË«Ãª,25542,6,3909,0,2015/12/18 7:27
ÉÏÖ¤Ê©¹¤²Î¿¼Í¼¡£,33749,44,219,4,2015/12/17 16:18
ÅÐ¶Ï£º¿Ï¶¨ÓÖ±©µøÊÕ´óÒõÏßÎÞÒÉÁËÒ»Ò»Ò»Ò»Ò»Ò»Ò»,17713,94,231,4.5,2015/12/17 9:08
ÉÏºÏ×éÖ¯»áÒé´ß»¯¡°Ò»´øÒ»Â·¡±Ö÷Ìâ Èý´óÁìÓòÓ­,38432,8,1477,0,2015/12/15 1:13
16¼ÒÉÏÊÐÒøÐÐ15¼ÒÃª¶¨ÓÅÏÈ¹É Ä¼×ÊÉÏÏÞ³¬6000ÒÚ,61924,17,2586,0,2015/12/15 1:00
·ÖÏí´ó°ëÄêÀ´ÖÐÐÐÍ¶×ÊÐÄÂ·£¬×Ü½áµÃÊ§£¬ÇóÅü×©,13614,33,307,2,2015/12/12 15:06
½ñÌì°Ñ2400¹ÉÖÐ¹úÒøÐÐ»»³É100¹ÉÈ«Í¨½ÌÓý£¬ÎÒ´Ó,15599,24,204,2.5,2015/12/11 18:55
ÖÐÐÐÈÕKÇ®Í¼²Î¿¼.,30262,37,160,4,2015/12/11 15:51
ÖÐ¹úÒøÐÐ£¬2006Äêµ×£¬¹É¼ÛÉýµ½68Ôª£¡,15295,18,91,2.5,2015/12/10 20:17
ÖÐÐÐÔÚÃÀ¾íÈëGUCCIËßËÏ°¸ ±»·£¿îÃ¿Ìì5ÍòÃÀÔª,41383,17,1144,0,2015/12/10 14:57
²»Á¼×Ê²úÖ¤È¯»¯¼´½«ÖØÆô ÖÐÐÐÊ×µ¥¹æÄ£Ô¤¼Æ80ÒÚ,35746,13,1503,0,2015/12/10 3:27
[³¬¼¶Õðº³Å£]¿ñÁúì­ÕÇÌÚ·ÉÔÚ¼´£¡,9545,14,227,4,2015/12/8 12:13
ÖÐ¹úÒøÐÐ£ºÃ÷ÄêÖÐ×ÊÒøÐÐÀûÈóÔö³¤¿ÉÄÜÍ£ÖÍ,40881,20,240,4.5,2015/12/8 9:14
¶íÄâ·¢ÐÐ¼ÛÖµ10ÒÚÃÀÔªµÄÈËÃñ±Ò¼Æ¼Û¹úÕ®,24326,4,619,4.5,2015/12/8 8:57
ÖÐÐÐÑÐ±¨£º²¦±¸¸²¸ÇÂÊºìÏßÏÂµ÷ÖÁ100%ÒÑÊ®·Ö½ôÆÈ,32658,16,1910,0,2015/12/8 2:51
ÖÐ¹úÒøÐÐ½ñÈÕ³¬´óµ¥Á÷³öÅÅÃûµÚ7Ãû(12-07),21560,6,338,0,2015/12/7 16:06
×î´óµÄ³É¹¦¾ÍÊÇ£¬´òËÀÒ²²»ÒªÈ¥½ÓÖÐÐ¡´´¡£ÈÃÖÐÐ¡,3806,12,310,2.5,2015/12/5 19:21
ÖÜÄ©¿´ÅÌÒ»µãÌå»á£¬¹©´ó¼Ò²Î¿¼,19940,55,436,3,2015/12/5 15:30
ÈËÃñ±ÒÈëÀºÀûºÃÎåÀà¹É ´ó½ðÈÚ»ù½¨µØ²úÊ×µ±Æä³å,42028,30,9570,0,2015/12/5 8:56
ËÄ¿éÒ»Ã«ÁùÂú²Ö£¬×¼±¸°¤Ì×£¡,7140,18,13,3,2015/12/4 16:23
ÖÐ¹úÒøÐÐ½ñÈÕ³¬´óµ¥Á÷³öÅÅÃûµÚ2Ãû(12-04),5149,8,339,0,2015/12/4 16:06
Å×³öA¹É500Íò¹É£¬Í¶×ÊH¹É700ÍòÒ»Ò»Ö»Òª·Öºì,11174,46,137,3.5,2015/12/4 10:43
½ðÈÚ¹ÉµÍÃÔ ÖÐ¹úÒøÐÐµøÓâ3%,5556,10,338,0,2015/12/4 10:34
»ú¹¹×Ê½ðËêÄ©´óÌÚÅ² Óâ210ÒÚÔª´óµ¥×·ÅõÈýÐÐÒµ,14768,9,2514,4.5,2015/12/4 8:12
»ú¹¹×Ê½ðËêÄ©´óÌÚÅ² Óâ210ÒÚÔª´óµ¥×·ÅõÈýÐÐÒµ,19569,10,3016,0,2015/12/4 1:34
¡¾ÌÖÂÛ¡¿ÖÐÐÐÃ÷ÌìÄÜ·ñ¼ÌÐø·ÉÁúÔÚÌì£¿,32093,18,1942,4,2015/12/3 16:31
ÖÐ¹úÒøÐÐ½ñÈÕ³¬´óµ¥Á÷ÈëÅÅÃûµÚ1Ãû(12-03),9417,10,335,0,2015/12/3 16:07
5ÔªÏÂÖÜ¼ûµ½£¬Ôªµ©Ç°¼û6Ôª£¬±¾ÍõÌáÊ¾£¬Ã÷Äê³õ½ø,5521,17,172,3,2015/12/3 15:44
ÖÐÐÐ²ÎÍ¼ÊÇ·ñT+.,16965,38,124,4,2015/12/3 14:34
3ÈÕÍâÃ½Í·Ìõ£º»¨Æì³ÆÖÐ¹úÃ÷Äê»òÊµÊ©ÁãÀûÂÊ,29166,19,277,4.5,2015/12/3 8:30
ËÄ¼¾¶ÈÒÔÀ´ÆÆ¾»¹ÉÈñ¼õÓâÁù³É 15¹É»òÄæÏ®ÕÇÉý,21167,7,1264,4.5,2015/12/3 8:20
ÈËÃñ±ÒÈëSDR£¬¹ÉÊÐÒ²±Ø½«ÓëÊÀ½ç¹ÉÊÐ½Ó¹ì£¬Çë¿´,8299,30,2098,3,2015/12/2 22:35
Áí¿ªÒ»Ìû°É£¬²é¿´ºÜ²»·½±ã£¡µÚ¶þÄ¿±ê¼Û4.30ÔªÌý,9556,46,204,4,2015/12/2 22:07
ÖÐ¹úÒøÐÐ(601988)´ó×Ú½»Ò×Êý¾ÝÒ»ÀÀ(12-02),10109,15,480,0,2015/12/2 18:33
601988:ÖÐ¹úÒøÐÐH¹É¹«¸æ(¹É·Ý·¢ÐÐÈËµÄÖ¤È¯±ä¶¯,19230,8,919,0,2015/12/2 16:59
½¨ÉèÒøÐÐÒ»Ò»Á÷Í¨ÅÌºÍÍò¿ÆÒ»Ñù´ó£¬Òµ¼¨Í¬Ñù¶¼ºÜ,4259,7,99,3,2015/12/2 11:06
Ô¤²âÊÕÅÌ4Ôª18£¬ÊÇÒª·¢£¬¹þ¹þ¡­¡­,4151,18,144,3,2015/12/2 11:02
ÖÐÒøÕýÊ½·¢²¼¡°Ò»´øÒ»Â·¡±ÈËÃñ±Ò»ãÂÊÖ¸Êý,11373,9,191,4.5,2015/12/2 10:53
ÐÂ¼ÓÆÂ½«ÓëÖÐ¹úÔÚÈËÃñ±ÒÊ¹ÓÃÉÏÕ¹¿ª¸ü¶àºÏ×÷,8193,4,215,4.5,2015/12/2 9:04
×òÌìÍíÉÏ³Ô·¹£¬×ø×ÅËÜÁÏÐ¡°åµÊ£¬ÍùºóÒ»ÑöµÄÊ±ºò,8147,13,233,1.5,2015/12/2 8:42
°¢¶û¼°ÀûÑÇ×¼±¸Öð²½Ê¹ÓÃÈËÃñ±Ò½øÐÐÓëÖÐ¹úµÄË«±ß,12645,5,202,4.5,2015/12/2 8:30
ÈËÃñ±Ò¼ÓÈëSDR»õ±ÒÀº×Ó Ö÷Á¦»ú¹¹ÕùÇÀ¡°ËÄµÀ´ó²Ë,23096,17,5577,0,2015/12/2 7:55
Óà·á»Û£ºÎ´À´ÒøÐÐÒµ»ò²ÃÔ±50%²»ÊÇÎ£ÑÔËÊÌý,16177,89,1311,0,2015/12/1 7:55
ÈËÃñ±Ò¼ÓÈëSDR ¹Ø¼üÊ±¿ÌÄãÐèÒªÖªµÀÕâÐ©£¡,7384,16,5210,0,2015/11/30 22:00
¹ú¼Ê»õ±Ò»ù½ð×éÖ¯30ÈÕÐû²¼£¬½«ÈËÃñ±ÒÄÉÈëSDRÌØ,4557,6,203,4,2015/11/30 21:17
SDRÍ¨¹ý£¬ÖÐÐÐ»áÓÐÒ»²¨´óÐÐÇé£¡,20728,10,194,1.5,2015/11/30 17:06
ÈËÃñ±ÒÈëSDRÐüÄî½ñ½ÒÏþ ÈÕÔª¼ÓÈëºóÈÕ¹ÉÕÇ7±¶(Í¼,5906,7,217,3,2015/11/30 15:48
ÖÐ¹úÒøÁª¡¢¹ú¿ªÐÐÖúÀÏÎÎ½¨³É¹ú¼ÒÒøÐÐ¿¨Ö§¸¶ÏµÍ³,11228,9,989,4.5,2015/11/30 13:20
10ÔÂÄ©ÒøÐÐÒµ½ðÈÚ»ú¹¹²»Á¼ÂÊ2.07%,9271,6,251,4.5,2015/11/30 13:14
121£¬´óÐÐÇé£¡£¡£¡,5496,16,217,2,2015/11/30 12:05
SDRÁúÍ·£¬ÖÐ¹úÒøÐÐ£¬½ñÔç3Ôª99±»ÎÒÂòÈëÁË£¬Ã÷Ìì,6018,14,203,4.5,2015/11/30 10:29
ÏàÐÅSDR£¿£¿£¿ÎÒ¸øÄã·ÖÎöÒ»ÏÂ£¬µ½µ×Öµ²»ÖµµÃ¹Ø,10740,18,340,3,2015/11/29 19:55
ÖÐ¹úÒøÐÐÏÂÖÜÒ»»áÒ»×Ö°åÕÇÍ£Âð£¿,6895,11,176,3.5,2015/11/28 9:31
ÏÂÖÜµÄ×ßÊÆÔ¤¹À£¡,24089,33,642,4,2015/11/27 18:54
¿ÉÒÔ¿¼ÂÇÎ²ÅÌµÍÎüÖÐÐÐÁË£¡,10664,49,136,4,2015/11/27 14:57
ÈËÃñ±ÒÄÉÈëSDRÇ°Ò¹ ÖØ´óÍ¶×Ê»úÓöº°Äã¡°ËÙÀ´¡±,9560,16,1945,0,2015/11/27 10:13
ÏÂÖÜÒ»±í¾öÈËÃñ±ÒÊÇ·ñ¼ÓÈëSDR£¡,33633,48,224,4,2015/11/27 9:56
ÈËÃñ±ÒÄÉÈëSDRÈ¨ÖØ»ò³¬Ó¢°÷ÈÕÔª Ô¤²âÈ¨ÖØ13.8%,24791,23,570,4.5,2015/11/27 8:30
ÖÐ¹úÒøÐÐ(601988)´ó×Ú½»Ò×Êý¾ÝÒ»ÀÀ(11-26),6795,9,474,0,2015/11/26 18:31
ÏÖÔÚÒ²Ö»ÓÐÒøÐÐ¹É±È½Ï°²È«ÁË£¡,18954,178,149,4,2015/11/26 14:48
ÖÐ¹úÒøÐÐ! Ò»ÇÐµÄ¶¯µ´¶¼Ö»ÎªÁËÍê³ÉÄ¿±ê£¡Äæ×ª¼´,36837,124,175,2,2015/11/26 13:31
ÄÜÔ´×¨Ïî¹æ»®³õ¸åÒÑÄâ¶¨ ÓÍÆøºÏ×÷Ãé×¼ÁùÁìÓò,9336,5,1361,4.5,2015/11/26 8:44
ÑëÐÐÒ¦Óà¶°£ºÖÐ¹ú»¹ÐèÒª3000¼ÒÒÔÉÏµÄÐ¡Î¢ÒøÐÐ,7396,12,229,4.5,2015/11/26 8:42
ÖÐÐÐÃ÷ÄêÍêÈ«Ò²ÓÐ¿ÉÄÜÕÇµ½12Ôª£¬ËãËãÒ²ÓÐ3±¶Àû,5161,13,371,4,2015/11/25 20:35
Íí¼äÓ°ÏìÊÐ³¡µÄÖØÒªÕþ²ßÏûÏ¢ËÙµÝ(11/25),19927,64,3559,0,2015/11/25 20:06
ÖÐ¹úÒøÐÐ£¬ºóÆÚÇ÷ÊÆÍêÃÀ£¬±ØÕÇÍ£,6971,77,161,3,2015/11/25 16:53
×Ê²úÖ¤È¯»¯³ÉÉî¸ÄÀûÆ÷ Èý´óÁìÓòÕ¾ÉÏ¡°·ç¿Ú¡±,8657,9,1213,4.5,2015/11/25 8:57
°ÉÀïµÄ¶¼ÊÇÎÄÃ¤£¬²»ÐÅÊÔÊÔ,3164,17,199,3,2015/11/24 14:36
·¢»ÓÈ«ÇòÒ»Ìå»¯¾­ÓªÓÅÊÆ ÖúÁ¦ÖÐÃÀ¿ç¾³¾­Ã³Í¶×Ê,12737,11,1282,0,2015/11/24 2:14
ÖÐ¿ÏµãÆÀ£¡,5272,8,1212,4,2015/11/24 1:03
Í¶Æ±»áÒéÊ£Ò»ÖÜ ÈËÃñ±Ò½øÈëSDR¸ÅÂÊÉýÖÁ80%,12497,25,5776,0,2015/11/22 10:45
×¢²áÖÆÒ»µ©À´ÁÙ£¬ÒøÐÐ¹É¼¯Ìå»Ø¹é¶þÊ®±¶ÊÐÓ¯ÂÊ,8081,14,152,3,2015/11/22 8:41
¹ÉÔÖµ¹±Æ¡°Ò»ÐÐÈý»á¡±±ä¾Ö ´ó½ðÈÚ¼à¹ÜÇ°Ò¹,8636,69,3462,0,2015/11/21 0:48
¡¶ÉÏÊÐÒøÐÐ×ÛºÏÆÀ·ÖÅÅÐò£¬ÊëÇ¿ÊëÈõ¡·  ÏÕ¶ñ£¡,5081,21,303,3.5,2015/11/19 23:51
ÖÐÐÐµÚÒ»Ä¿±ê¼Û4.19Ôª£¬¹¤ÐÐ4.80Ôª.,44199,247,151,4,2015/11/19 22:32
ÖÐ¹úÒøÐÐ(601988)´ó×Ú½»Ò×Êý¾ÝÒ»ÀÀ(11-19),9494,19,479,0,2015/11/19 18:30
Å×£¡ÖÐ¹úÒøÐÐA¹É¼Û¸ßÒç¼ÛH¹É42%×óÓÒ£¬Í¬¹ÉÍ¬È¨,67782,146,31,4.5,2015/11/19 8:20
¿ç¾³µçÉÌÖ§¸¶½áËã ÖÐ¹úÒøÐÐ×òÇÀÏÂÊ×·¢,10664,16,956,0,2015/11/19 2:23
601988:ÖÐ¹úÒøÐÐ¹ØÓÚÕÙ¿ª2015ÄêµÚÒ»´ÎÁÙÊ±¹É¶«,9909,8,1624,0,2015/11/18 16:35
¸ßÎ»¼±À­ÉýÊÇ´óµøÇ°ÓÕ¶à£¡³ö»õÊÇÒ»¼Û¸ñÇøÓò²¢²»,5104,8,234,4.5,2015/11/18 14:32
ÐÐÇéÎ²Éù£¬×¢Òâ·çÏÕ£¡¾­¼ÃÃ¿¿öÓúÏÂ£¬Å£ÊÐÃ»»ù´¡,21212,36,208,4.5,2015/11/18 14:17
´æ¿îÐÔÖÊÂòÖÐÐÐ,6465,37,428,3.5,2015/11/17 15:56
´ó¼ÒÀ´Í¶¸öÆ±¿´¿´ÖÜÒ»ÊÇÕÇÊÇµø£¿,42778,69,156,4.5,2015/11/15 14:02
601988:ÖÐ¹úÒøÐÐµÚÒ»ÆÚ¾³ÄÚÓÅÏÈ¹É¹ÉÏ¢ÅÉ·¢ÊµÊ©,39684,24,1141,0,2015/11/15 13:47
±ð¼±,46587,357,138,4,2015/11/12 22:29
½ô¸úÈÈµã£¬¸Ò³ÖÓÐ,26602,382,156,4,2015/11/10 9:15
ÖÐ¹úÒøÐÐ¡°Ò»´øÒ»Â·¡±²¼¾ÖÐÂ¼ÓÆÂ,50712,347,873,3,2015/11/8 0:27
ÖÐÐÐÔÚÐÂ¼ÓÆÂ³ÉÁ¢È«Çò´ó×ÚÉÌÆ·ÒµÎñÖÐÐÄ,46563,361,662,3,2015/11/6 23:57
¼´½«±¬À­µÄ°å¿é£¬ÒøÐÐ¹É£¬ÖÐ¹ú¼ÓÈëSDR£¬ÊÜÀûºÃ,8021,7,357,3.5,2015/11/6 14:04
601988:ÖÐ¹úÒøÐÐH¹É¹«¸æ(¹É·Ý·¢ÐÐÈËµÄÖ¤È¯±ä¶¯,13752,5,919,0,2015/11/4 17:18
ÖÐÑëÑ²ÊÓ×é½ø×¤Ò»ÐÐÈý»á»¦Éî½»Ò×ËùµÈ31¼Òµ¥Î»,35019,105,10232,0,2015/11/3 19:56
¹ùÊ©ÁÁ£º¹ú¼Ò¶Ó¾ÈÊÐ»ò¸¡¿÷2100ÒÚ ¸ÃÈçºÎ½â¶Á£¿,21354,167,1911,0,2015/11/3 7:47
601988:ÖÐ¹úÒøÐÐ¹ØÓÚÍâ²¿¼àÊÂ´ÇÈÎµÄ¹«¸æ,7724,10,483,0,2015/11/2 16:58
2015ÄêÈý¼¾±¨µãÆÀ£ºÒµ¼¨ºÍ×Ê²úÖÊÁ¿¾ù³ÐÑ¹,16131,7,1185,0,2015/11/2 11:34
[´ó×Ú½»Ò×½ÒÃØ]¡¤601988:ÖÐ¹úÒøÐÐ2015ÄêµÚÈý¼¾¶È,12129,16,651,4,2015/10/31 8:36
×î°²È«µÄµØ·½ÍùÍùÊÇ×îÎ£ÏÕµÄ,43969,118,209,3,2015/10/24 14:30
ÒøÐÐÔÝÃ»´óÇéÐÐ,74955,894,133,4,2015/10/20 11:49
601988:ÖÐ¹úÒøÐÐ¶­ÊÂ»á¾öÒé¹«¸æ,16724,14,1802,0,2015/10/18 14:07
ÖÐ¹úÒøÐÐ2015ÄêÈý¼¾±¨[ÈËÀàÕðº³][µã»÷²é¿´Ô­ÎÄ],10785,7,765,4,2015/10/17 15:50
601988:ÖÐ¹úÒøÐÐ¾³ÍâÓÅÏÈ¹É¹ÉÏ¢ÅÉ·¢ÊµÊ©¹«¸æ,11624,12,1260,0,2015/10/16 16:22
601988:ÖÐ¹úÒøÐÐH¹É¹«¸æ,14027,7,534,0,2015/10/15 19:12
±ð×øµçÌÝ£¬¸ÃÅ×³öÁË£¡ÒøÐÐA¹É¼ÛÒÑ³¬H¹É¼Û40%ÒÔ,27278,78,158,4,2015/9/22 14:33
½¨ÑÔ¸Ö£º¹ú¼Ò¶ÓÀíÓ¦¾ÀÕý¾ÈÊÐÖÐµÄ´íÎó¾ö²ß,1486,5,864,3.5,2015/9/20 19:19
ÖÐ¹úÒøÐÐ½ñÈÕ³¬´óµ¥Á÷³öÅÅÃûµÚ8Ãû(09-18),2609,7,338,0,2015/9/18 16:07
·è¿ñÉÕÇ®¾ÈÊÐ£¬´íÉÏ¼Ó´í£»ÌåÖÆÍêÉÆ£¬·½¿ÉÒ»·É³å,1112,23,1971,4,2015/9/18 7:50
Ä¿Ç°³ÖÓÐ199400¹É£¬³É±¾2.904£¬¼ÌÐøÈÈÁÒÑûÇëÖ÷,66438,300,208,3.5,2015/9/17 21:15
ÔÙ´ÎºôÓõ¹ú¼Ò¶Ó¼¯ÖÐ×Ê½ð¾«ÉñÀ­´ó½ðÈÚ¹É£¬²»ÒªÔÙ,1799,8,231,3.5,2015/9/17 15:18
¡¾¼«¶ÈÕðº³¡¿¼«¶È·è¿ñºóµÄÔÖ±Ø½«»á¸ü¼ÓÎÞ±È²ÒÁÒ,1285,21,1770,4,2015/9/16 15:04
ÖÐ¹úÒøÐÐ(601988)ÈÚ×ÊÈÚÈ¯ÐÅÏ¢(09-15),1175,6,534,0,2015/9/16 8:06
²Î¿¼ÒøÐÐ°å¿éÈÕKÏßÍ¼.,1379,6,197,4,2015/9/14 23:57
ÉÏ°ëÄêÒøÐÐ²»Á¼´û¿î¹ýÍòÒÚ ·¿´û²¢·Ç×ï¿ý»öÊ×,2674,52,3233,0,2015/9/14 18:02
ÔÙ´ÎÉÆÒâÌáÐÑ£¬ÒøÐÐ°å¿é½«Ó­À´´ó·´µ¯£¡×îºóÒ»´Î,1027,30,160,3.5,2015/9/14 10:52
ÊµÔÚÌ«ÆÛÈËÌ«Éõ£¬ÊÇ·ñÒªÄÖÉÏÖÐÑë²Å³¤¼ÇÐÔ°¡,1049,17,150,3.5,2015/9/11 10:12
601988:ÖÐ¹úÒøÐÐH¹É¹«¸æ,2558,8,460,0,2015/9/10 18:56
½¨ÐÐ½¨ÑøÀÏ½ð»ú¹¹ÖÐÐÐÄÃÏÂÊÙÏÕÅÆÕÕ Îå´óÐÐ¾ÛÆë,86079,26,2921,0,2015/9/10 0:48
Ð¡Ä¦¶­ÊÂ×Ü¾­Àí£ºÕþ¸®Ó¦°ÑÇ®¸ü¶à»¨ÔÚÑøÀÏÒ½ÁÆÉÏ,6623,19,1496,0,2015/9/9 14:59
¿´¿´ÈË¼ÒÈÕ±¾ÊÇÔõÃ´¾ÈÊÐµÄ ½ñÈÕÃÍÀ­ÈÕ±¾ÑëÐÐ¹É,735,7,212,3.5,2015/9/9 14:24
Å©ÒµÒøÐÐÖÐ¹úÒøÐÐÉÏÊÐÒÔÀ´ÀúÄêÒµ¼¨·ÖºìÇé¿ö,8966,12,1032,4,2015/9/8 20:28
Ã÷ÌìÕÇÍ£ÎÞÐüÄî£¡,769,10,126,3,2015/9/7 23:02
¡¾ÌÖÂÛ¡¿Ã÷Ìì¹ú¼Ò¶Ó»¹»áÂòÒøÐÐ¹É»¤ÅÌÂð£¿   ,1029,11,535,4,2015/9/7 17:14
Íâ×ÊÀûÓÃÃÍÔÒH¹É£¬ÈÅÂÒ¹úƒÈÊÐ³¡£¬¹ú¼ÒÓ¦ÏÂÃÍÒ©,20286,164,205,2.5,2015/9/7 13:47
Ò²²»ÖªµÀË­±ÈË­Éµ£¬²»ÖªµÀÍ¬¹ÉÍ¬È¨µÄ²î¼ÛÎªºÎÕâ,4559,19,718,2.5,2015/9/6 20:39
¡¾ÌÖÂÛ¡¿ÏÂÖÜÖÐ¹úÒøÐÐ»¹»á¼ÌÐøÉÏ³åÂð£¿   ,1034,14,827,4,2015/9/6 14:25
³õÇ¢´ýÅú ´«ÖÐ¹úÒøÐÐêéêì´óÂíÒøÐÐ,52718,18,784,0,2015/9/6 14:20
ÖÐÐÐÏÂÖÜÒ»¿´30·ÖÖÓÍ¼¡£,1136,7,221,4,2015/9/5 22:25
[·è¿ñÅ­Ð¦]µÈËÀ°É£¡Î£»úÒÑ¾­±¬·¢£¬ÕâÊÇºÁÎÞÒÉÎÊ,2363,7,2013,4,2015/9/5 7:50
È¯ÉÌÆÀ¼¶£ºÐÅÐÄÖð½¥»Ö¸´ÖÐ 8¹É²»Å×Æú²»·ÅÆú,2827,30,8325,0,2015/9/4 16:21
Íâ×ÊÈÆµÀÐÂ¼ÓÆÂA50£¬×ö¿ÕÖÐ¹ú¹ÉÊÐ¡£ÖÐ¹úµÄ¹ÉÊÐ,6891,49,37,2.5,2015/9/4 11:16
ÖÐÐÅÐì¸Õ±»¹Ü¿ØÔÚ¸øË­ÌáÐÑ£¬¶ñÓÐ¶ñ±¨,4320,27,262,3,2015/9/4 9:29
ÓÑÇéÌáÊ¾£¬Èô¹ûÖÜÒ»¿ªÅÌÒøÐÐ¹É³å¸ß£¬ÇëÔñ»ú¼õ²Ö,1407,40,199,3.5,2015/9/2 22:58
ËÄ´óÐÐ½«´øÁìÀ¶³ï¹Éì­Éý£¬×ß³ö²¨À½×³À«µÄÒøÐÐ¹É,1068,12,1409,4,2015/9/2 18:58
ËÄ´óÐÐµÄ¹ÉÃñ²»ÒªÏÂ³µÌ«Ôç£¡,1180,13,194,4,2015/9/2 16:55
Òþº¬·çÏÕ»ýÀÛ ÒøÐÐ¹ÉÖ»»á¸ü±ãÒË£¿,48953,64,1443,3,2015/9/2 14:18
À­Ì§´óÅÌ¹É¾ÍÊÇ´À»õÐÐÎª,856,13,228,1,2015/9/2 14:18
³­µ×Ö¤½ðµÄËÄ´óÌ«¹«ÖÐ£¬Å©£¬¹¤£¬½¨¡£,1097,22,145,4,2015/9/1 17:44
2015ÄêÖÐÆÚÒµ¼¨·ûºÏÔ¤ÆÚ£»Î¬³ÖÂòÈëÆÀ¼¶,21039,12,954,0,2015/9/1 17:39
¡¾ÌÖÂÛ¡¿ÒøÐÐ°å¿éÄÜ·ñ³ÉÎªÊÐ³¡ÈÈµã£¬ÖÐ¹úÒøÐÐ¿É,774,12,527,4,2015/9/1 16:20
ÖÐ¹úÒøÐÐ½ñÈÕ³¬´óµ¥Á÷ÈëÅÅÃûµÚ5Ãû(09-01),914,6,316,0,2015/9/1 16:16
·´µ¯ÐÐÇéÑÓÐø£¬ÉÏ¿´5Ôª£¬´ó¼ÒÓÐÒâ¼ûÃ´£¿,753,7,148,3,2015/9/1 10:54
ÒøÐÐ¹ÉÃ»ÓÐÄÇÃ´´àÈõ,1153,29,1851,0,2015/9/1 2:01
ÊÕÈë¶ËÔö³¤·¦Á¦£¬²¦±¸¼ÆÌá³ÐÑ¹£¬ÏÂµ÷ÆÀ¼¶ÖÁ¡°ÖÐ,3616,5,1299,0,2015/8/31 17:44
¡¾µ÷²é¡¿Ç×£¬Äã½ñÄê×¬Ç®ÁËÂð£¿,768,19,622,4,2015/8/31 15:57
×Ê²úÖÊÁ¿Ç÷ºÃ,3109,19,993,0,2015/8/31 15:19
ÒøÐÐ¹ÉµÍÃÔ ÉÏÊÐÒøÐÐ²»Á¼´û¿îÂÊÅÊÉý,1153,9,1114,0,2015/8/31 11:20
2015Äê°ëÄê±¨µãÆÀ£ºÒµ¼¨ÂÔµÍÓÚÔ¤ÆÚ£¬²»Á¼ÂÊ²»ÈÝ,3131,15,911,0,2015/8/31 10:10
°´¹ÀÖµ¼ÆËã£¬ÖÐ¹úÒøÐÐÏÖ´¦ÔÚÑÏÖØµÍ¹À×´Ì¬£¬Õý³£,1019,25,178,3.5,2015/8/30 18:13
Ò»Ò»¡úÒ»Ò»Ò»Ò»¡úÎÒÂòÁË ¶ÔÂð£¿Ò»¡úÒ»Ò»Ò»Ò»¡ú,1421,90,153,4.5,2015/8/30 0:27
´æ´û±È¼à¹ÜºìÏß½«È¡Ïû ÖÐ¹úÒøÐÐÒµ¼à¹ÜÓ­ÖØ´óµ÷,1495,30,1356,0,2015/8/29 19:39
ÖÐ¹úÒøÐÐÉÏ°ëÄê¾»ÀûÍ¬±ÈÔö1.14%,1281,12,731,0,2015/8/29 19:20
Íø´«ÏæÌ¶´óÑ§Ñ§Éú±»°ìÒøÐÐ¿¨ ÖÐÐÐ:½«ÑÏËà´¦Àí,43238,6,867,0,2015/8/29 15:41
A¡¢H ¹É²î¼Û30%×óÓÒ£¬ÎªºÎ×Ê½ð²»ÄÜÓÐÐ§Á÷¶¯£¿,4122,113,151,3.5,2015/8/29 9:02
¾ªÌÎº§ÀËÖÐµÄÖÒÑÔÌáÐÑ,2522,131,1825,0,2015/8/29 8:57
601988:ÖÐ¹úÒøÐÐ¶­ÊÂ»á¾öÒé¹«¸æ,7540,10,1667,0,2015/8/28 18:44
ÖÐÐÐÉÏ°ëÄê¾»×¬907.46ÒÚ Ôö1.14%,37462,12,852,0,2015/8/28 17:48
ÖÐÐÐÉÏ°ëÄêË°ºóÀûÈóÔöËÙ1.69% ²»Á¼ÂÊ½ÏÉÏÄêÄ©ÉÏ,33192,10,2931,0,2015/8/28 17:28
¹ØÓÚÔÝÍ£¹ÉÖ¸ÆÚ»õÍêÉÆÖÆ¶ÈµÄ³«ÒéÊé ËäÈ»ÀíÂÛÉÏ,922,20,1079,2.5,2015/8/27 18:35
±ØÐëÑÏ³Í¹ÉÊÐ¶ñÒâ×ö¿ÕºÚÊÖ£¡,801,10,865,2,2015/8/27 16:25
ÖÐ¹úÒøÐÐ½ñÈÕ³¬´óµ¥Á÷ÈëÅÅÃûµÚ17Ãû(08-27),909,9,311,0,2015/8/27 16:14
¡¾ÌÖÂÛ¡¿Ë«½µÕþ²ßÏÂ£¬ÒøÐÐ¹É»á³ÉÎª¾ÈÊÐÏÈ·æÂð£¿,931,11,376,4.5,2015/8/27 14:53
ÏàÐÅ¹ú¼Ò¶Ó¾ÈÊÐ£¡,912,25,138,2.5,2015/8/27 10:10
ÖÐ¹úÒøÐÐ(601988)ÈÚ×ÊÈÚÈ¯ÐÅÏ¢(08-26),933,8,524,0,2015/8/27 8:16
ÖÐ¹úÒøÐÐ½ñÈÕ³¬´óµ¥Á÷ÈëÅÅÃûµÚ11Ãû(08-26),947,13,314,0,2015/8/26 16:05
Ç¿ÁÒÒªÇóÍ£Ö¹¹ÉÖ¸ÆÚ»õÍ¬ÒâµãÔÞ,644,8,138,1.5,2015/8/26 14:52
¡¾ÌÖÂÛ¡¿Ë«½µÕþ²ßÏÂ£¬ÒøÐÐ¹É»á³ÉÎª¾ÈÊÐÏÈ·æÂð£¿,886,15,225,4.5,2015/8/26 13:53
¡¾ÌÖÂÛ¡¿µøÆÆ¾»×Ê²úµÄÖÐÐÐÊÇ·ñÖµµÃÍ¶×Ê£¿,1041,12,387,4,2015/8/26 11:16
ÖÐ¹úÒøÐÐ(601988)ÈÚ×ÊÈÚÈ¯ÐÅÏ¢(08-25),804,7,520,0,2015/8/26 8:12
´óÈ¨ÖØÆµÆµÒì¶¯È´ÎÞ·¨Ö¹µøµÄÔ­Òò,716,8,283,2,2015/8/25 20:19
¾ÈÊÐÈÝÒ×£¬Ö»ÊÇÓÐµÄÈË²»Ïë¾Í£¬È¡Ïû¹ÉÖ¸ÆÚ»õÂíÉÏ,684,18,168,3.5,2015/8/25 14:10
ÂíöïÅô£º×î¿Ö»ÅµÄµ±ÏÂÕýÊÇÖÐ³¤Ïß×Ê½ð²¼¾ÖÒøÐÐ¹É,2081,105,4297,0,2015/8/25 8:45
ÖÐ¹úÒøÐÐ(601988)ÈÚ×ÊÈÚÈ¯ÐÅÏ¢(08-24),1088,11,524,0,2015/8/25 8:15
¡¾ÌÖÂÛ¡¿Õâ´Î¹ú¼Ò¶Ó»áÑ¡ÔñÀ­ÒøÐÐ¹É¾ÈÊÐÂð£¿  ,1243,29,419,4,2015/8/24 14:13
ÎÒÒª×ßÁËÍ¬Ö¾ÃÇ£¬Âú²ÖÒÑÑª±¾ÎÞ¹é¡£°¦£¬ÏÂ±²×Ó¼û,4344,46,24,1.5,2015/8/24 12:55
¹ÅÓÐÕÔÀ¨£¬½ðÓÐÖ¤½ð£¡,1039,32,134,3,2015/8/24 10:32
³¬¼¶ºöÓÆÀ´ÁË£¬²»ÖªÓÖ»áÈÃ¶àÉÙÎÞÖªµÄÉ¢ÖíÁôÏÂÒ»,1180,8,1798,4,2015/8/24 8:16
ÖÐÐÐ±ØÔÚÏÂÖÜÂÊÏÈ·´»÷£¬À­ÉýÒ»²¨ÐÂÐÐÇé£¬ÏòÔÄ±ø,643,9,485,2.5,2015/8/22 19:26
ÖªµÀ8.25ÈÕÊ²Ã´ÈÕ×ÓÂð£¿ ÊÇÈ«×Ê×Ó¹«ÄÏÑóÒøÐÐ¹Ò,4977,16,243,3.5,2015/8/22 15:42
ÎÒÊÇ·½Õ¹²©£¬8ÔÂ24ÈÕÊÇ´óÆæ¼£ÈÕ£¡,870,17,167,3.5,2015/8/22 15:25
601988:ÖÐ¹úÒøÐÐ¹ØÓÚ±ä¸ü±£¼ö´ú±íÈËµÄ¹«¸æ,2006,14,638,0,2015/8/21 19:37
ÖÐ¹úÒøÐÐ½ñÈÕ³¬´óµ¥Á÷ÈëÅÅÃûµÚ10Ãû(08-21),974,8,311,0,2015/8/21 16:09
ÖÐÐÐ½è¡°Ò»´øÒ»Â·¡±·¢Á¦º£Íâ½ðÈÚÕûºÏ,13030,13,1712,0,2015/8/21 14:40
ÖÐÒø±£ÏÕ¿Ø¹ÉÖÐº½ÈýÐÇÈËÊÙ ÖÐÐÐ½«ÔöÊÙÏÕÒµÎñ,13155,20,339,0,2015/8/21 11:15
¡¾ÌÖÂÛ¡¿ºÃ¹«Ë¾ÓëºÃ¹É¼ÛÊÇÊ²Ã´¹ØÏµ£¿,817,27,564,4,2015/8/21 10:43
ÖÐÐÐ½«ÊÚÐÅ¡°Ò»´øÒ»Â·¡±Ç§ÒÚÃÀÔª,12964,13,593,0,2015/8/21 9:41
ÖÐÐÐ×Ó¹«Ë¾12.75ÒÚ¿Ø¹ÉÖÐº½ÈýÐÇÈËÊÙ,12894,11,321,0,2015/8/21 8:37
ÖÐ¹úÒøÐÐ£º½ñÈÕÊÕÅÌ¼Û4.60Ôª£¡,945,36,1009,4.5,2015/8/21 7:53
ÖÐ¹úÒøÐÐÉêÇëÇ§ÒÚRMBS Äâ·Ö20ÆÚ·¢ÐÐ,11192,11,356,0,2015/8/20 21:23
Íí¼äÓ°ÏìÊÐ³¡µÄÖØÒªÕþ²ßÏûÏ¢ËÙµÝ(8/20),2853,75,8435,0,2015/8/20 20:24
ÖÐ¹úÒøÐÐ³öµÄÒ»µÀËãÌâ£¬80%µÄÈË×ö´í,1027,27,257,1.5,2015/8/20 18:57
601988:ÖÐ¹úÒøÐÐ¹ØÓÚÖÐÒø±£ÏÕÓÐÏÞ¹«Ë¾Ôö×ÊÊÕ¹º,41301,23,629,0,2015/8/20 17:16
ÖÐÐÐÎ´À´ÈýÄêÏò¡°Ò»´øÒ»Â·¡±ÊÚÐÅ1000ÒÚÃÀÔª,6057,14,300,0,2015/8/20 16:37
ÎÒÔÙ´Î¸ø·½°¸¹ú¼Ò¶Ó£¬Ìý²»ÌýÓÉÄã£¬°ÑÀ¬»ø¹É¶¼Å×,808,12,302,3.5,2015/8/20 15:13
ÏÂÒ»¸öÃ·Ñã¾ÓÈ»ÊÇÖÐ¹úÒøÐÐ£¡ÕâÌ«¿äÕÅÁË£¡£¡,826,25,207,4,2015/8/20 9:53
»ã½ð¹«Ë¾ÊÜÈÃÖÐ¹úÒøÐÐ18ÒÚ¹É,42811,48,182,0,2015/8/20 9:11
ÖÐ¹úÒøÐÐ£º»ã½ðÊÜÈÃ¹«Ë¾18.1ÒÚA¹É,2603,36,193,0,2015/8/20 9:00
ÖÐ¹úÒøÐÐ£º¿ªÅÌ¼Û4.30ÔªÉÏÎçÕÇÍ££¡,972,42,183,4.5,2015/8/20 8:42
¹«¸æ±©Â¶»ã½ðÍµÍµ´ó¹æÄ£¼õ³Ö£¬ÄÑ¹ÖÖ÷Á¦¼á¾ö²»³´,728,13,318,3.5,2015/8/20 6:39
Ïà°éÖÐÐÐ26ÄêÈç½ñ×ªÉíÀëÈ¥ 51ËêÍõÓÀÀûµÄÐÂÑ¡Ôñ,2306,8,2485,0,2015/8/20 0:59
KDJ½ð²æÃ÷Ìì³ÉÐÍ£¬ÕýÊ½À­Éý¡£µÈÁËÁ½¸ö¶àÀñ°Ý£¬,811,13,176,2.5,2015/8/19 19:40
601988:ÖÐ¹úÒøÐÐ¹ØÓÚ¿Ø¹É¹É¶«Ëù³Ö±¾ÐÐA¹É¹É·Ý±ä,43430,79,471,0,2015/8/19 18:38
´óÅÌ¿í·ùÕðµ´ ÖÐÐÐÄÜ·ñ¿¸ÆðÎ¬ÎÈ´óÆì£¿  ,40068,15,484,4,2015/8/19 16:59
ÖÐ¹úÒøÐÐ½ñÈÕ³¬´óµ¥Á÷³öÅÅÃûµÚ12Ãû(08-19),1580,12,316,0,2015/8/19 16:14
¿´µ½°ÉÀï¶ÔÒøÐÐ¹ÉÂîÉùÒ»Æ¬¡£ÎÒ¿´¸ÃÕÇÁË¡£,5175,28,134,1.5,2015/8/17 15:02
[»¤³ÇºÓ]Ò»ÇÐ·èµÄºöÓÆÓÕ¶à¶¼ÊÇÎªÁË×îÖÕµÄ±©Á¦É±,1933,13,1091,4,2015/8/12 14:14
6ÔÂ30ÈÕº°´ó¼Ò¸ßÎ»Âô³öÖÐÐÐ£¬½ñÌìº°´ó¼ÒÁ¢¼´³­,59080,62,237,3,2015/8/11 12:46
µøµÃºÃ£¬µøµÃÃî£¬µøµÃ¶ÄÍ½ÃÇ×öÖí½Ð¡£,79574,156,70,3.5,2015/8/7 6:13
±¾ÊÂ¾ÍÊÇÔì¼ÙÉÏÊÐ£¬ÓÖºÎÀ´¾ÈÊÐ£¿,12875,14,67,3.5,2015/8/7 6:12
Ã¿Ìì£¬Ö»×¬Ò»µãµã£¬Õæ¸ßÐË£¡,26028,31,76,3.5,2015/8/6 16:40
Ä¿Ç° »¹ÄÜ ½¨²Ö²»£¿,3057,23,130,0,2015/8/3 11:12
